Title,Artist,File Path,City,Decade,ImageURL
Big Fun,Inner City,Amsterdam/AmsterdamMusic/80s Music/BigFun.mp3,Amsterdam,1980s,https://i.scdn.co/image/ab67616d0000b2734573e6f96afc42c80f3ed183
French Kiss,Lil’ Louis,Amsterdam/AmsterdamMusic/80s Music/FrenchKiss.mp3,Amsterdam,1980s,https://i.scdn.co/image/ab67616d0000b27393dcbae126f6addc73855f24
Pacific State,808 State,Amsterdam/AmsterdamMusic/80s Music/PacificState.mp3,Amsterdam,1980s,
Voodoo Ray,A Guy Called Gerald,Amsterdam/AmsterdamMusic/80s Music/VoodooRay.mp3,Amsterdam,1980s,https://i.scdn.co/image/ab67616d0000b273776994c13d99c0356b7776fb
s Of Life,Derrick May,Amsterdam/AmsterdamMusic/80s Music/StringsOfLife.mp3,Amsterdam,1980s,https://i.scdn.co/image/ab67616d0000b273246cb75e8266dacef303832d
Go,Moby,Amsterdam/AmsterdamMusic/80s Music/Go.mp3,Amsterdam,1980s,https://i.scdn.co/image/ab67616d0000b27336039df9f04596f7778a91e6
Can You Feel It,Mr. Fingers,Amsterdam/AmsterdamMusic/80s Music/CanYouFeelIt.mp3,Amsterdam,1980s,https://i.scdn.co/image/ab67616d0000b2739568c6b3c059127cca642b4b
House Nation,The Housemaster Boyz,Amsterdam/AmsterdamMusic/80s Music/HouseNation.mp3,Amsterdam,1980s,https://i.scdn.co/image/ab67616d0000b273b3ee6d48c6d0af9840a16d7d
Don’t Go,Awesome 3,Amsterdam/AmsterdamMusic/80s Music/DontGo.mp3,Amsterdam,1980s,https://i.scdn.co/image/ab67616d0000b273eb49ba3f2f4a6dd6dd6095b7
Let The Music Use You,The Nightwriters,Amsterdam/AmsterdamMusic/80s Music/LetTheMusicUseYou.mp3,Amsterdam,1980s,https://i.scdn.co/image/ab67616d0000b273374e2191da78fa4f626cf2d7
Beautiful People,Barbara Tucker,Amsterdam/AmsterdamMusic/90s Music/BeautifulPeople.mp3,Amsterdam,1990s,https://i.scdn.co/image/ab67616d0000b2734434339d67c6ef405fd68256
The Nighttrain,Kadoc,Amsterdam/AmsterdamMusic/90s Music/TheNighttrain.mp3,Amsterdam,1990s,https://i.scdn.co/image/ab67616d0000b273bec72eb83b56c493bdcc4089
Passion,Gat Decor,Amsterdam/AmsterdamMusic/90s Music/Passion.mp3,Amsterdam,1990s,https://i.scdn.co/image/ab67616d0000b2730918e11a85a724d25370739a
Give Me Luv,Alcatraz,Amsterdam/AmsterdamMusic/90s Music/GiveMeLuv.mp3,Amsterdam,1990s,https://i.scdn.co/image/ab67616d0000b27372595839538d9d86421e1020
I Feel It,Armand Van Helden,Amsterdam/AmsterdamMusic/90s Music/IFeelIt.mp3,Amsterdam,1990s,https://i.scdn.co/image/ab67616d0000b273703bcab9c459aec886816563
Where Love Lives,Alison Limerick,Amsterdam/AmsterdamMusic/90s Music/WhereLoveLives.mp3,Amsterdam,1990s,https://i.scdn.co/image/ab67616d0000b27323b1f5da7873e6ff5aa2cf35
Revolution 909,Daft Punk,Amsterdam/AmsterdamMusic/90s Music/Revolution909.mp3,Amsterdam,1990s,https://i.scdn.co/image/ab67616d0000b2738ac778cc7d88779f74d33311
Throw,Paperclip People,Amsterdam/AmsterdamMusic/90s Music/Throw.mp3,Amsterdam,1990s,https://i.scdn.co/image/ab67616d0000b273a6c8b14219f16ae8396949bf
Didn’t I Give You Love,Luvspunge,Amsterdam/AmsterdamMusic/90s Music/DidntIGiveYouLove.mp3,Amsterdam,1990s,https://i.scdn.co/image/ab67616d0000b2731b87a3c3d365bf25cc21a5cb
Hot,Ideal,Amsterdam/AmsterdamMusic/90s Music/Hot.mp3,Amsterdam,1990s,https://i.scdn.co/image/ab67616d0000b273f322fc29c350ec958763bf5c
Give It Up,The Good Men,Amsterdam/AmsterdamMusic/00s Music/GiveItUp.mp3,Amsterdam,2000s,https://i.scdn.co/image/ab67616d0000b27306f06621f9be3648942a1c69
Energy Flash,Joey Beltram,Amsterdam/AmsterdamMusic/00s Music/EnergyFlash.mp3,Amsterdam,2000s,https://i.scdn.co/image/ab67616d0000b273215f7aaad42adf6cc9457fd0
Bounce 2 The Beat,Todd Terry,Amsterdam/AmsterdamMusic/00s Music/Bounce2TheBeat.mp3,Amsterdam,2000s,https://i.scdn.co/image/ab67616d0000b273f39e6e603eb39c78b718aed0
Samba Magic,Basement Jaxx,Amsterdam/AmsterdamMusic/00s Music/SambaMagic.mp3,Amsterdam,2000s,https://i.scdn.co/image/ab67616d0000b2732812fd6a922e6421fbf86e0e
Heaven,DJ Sammy,Amsterdam/AmsterdamMusic/00s Music/Heaven.mp3,Amsterdam,2000s,https://i.scdn.co/image/ab67616d0000b273b9dd37fb0442b61faf252ab7
Call On Me,Eric Prydz,Amsterdam/AmsterdamMusic/00s Music/CallOnMe.mp3,Amsterdam,2000s,https://i.scdn.co/image/ab67616d0000b273d93502bd55966aa4683d3add
Something,Lasgo,Amsterdam/AmsterdamMusic/00s Music/Something.mp3,Amsterdam,2000s,https://i.scdn.co/image/ab67616d0000b273567e98e17e302a5206fc9465
Sandstorm,Darude,Amsterdam/AmsterdamMusic/00s Music/Sandstorm.mp3,Amsterdam,2000s,https://i.scdn.co/image/ab67616d0000b273a38d78cbd27d7749e3e5c97d
In A Dream,Rockell,Amsterdam/AmsterdamMusic/00s Music/InADream.mp3,Amsterdam,2000s,https://i.scdn.co/image/ab67616d0000b2734c4183ecf2f8a38d1a284f37
This Is Your Night,Amber,Amsterdam/AmsterdamMusic/00s Music/ThisIsYourNight.mp3,Amsterdam,2000s,https://i.scdn.co/image/ab67616d0000b273324d670a4b77694ffee2fa9c
House Is A Feeling,Tommy Capretto,Amsterdam/AmsterdamMusic/10s Music/HouseIsAFeeling.mp3,Amsterdam,2010s,https://i.scdn.co/image/ab67616d0000b2731f7e8302094b4a13a60c64b6
Into My Life,Mark Knight,Amsterdam/AmsterdamMusic/10s Music/IntoMyLife.mp3,Amsterdam,2010s,https://i.scdn.co/image/ab67616d0000b2730fbc3f4f4e9707a7d51266a1
Otto’s Chant,Skream,Amsterdam/AmsterdamMusic/10s Music/OttosChant.mp3,Amsterdam,2010s,https://i.scdn.co/image/ab67616d0000b273ef3a86bd2a9407f2281585b9
Roses,SAINt JHN,Amsterdam/AmsterdamMusic/10s Music/Roses.mp3,Amsterdam,2010s,https://i.scdn.co/image/ab67616d0000b2738e51ad44471425be0ddcc6a0
Eyes on Fire,Blue Foundation,Amsterdam/AmsterdamMusic/10s Music/EyesOnFire.mp3,Amsterdam,2010s,https://i.scdn.co/image/ab67616d0000b273c403c5700c5a0d6f2fe2d8f1
What a Bam,Guille Placencia,Amsterdam/AmsterdamMusic/10s Music/WhatABam.mp3,Amsterdam,2010s,https://i.scdn.co/image/ab67616d0000b273e9b6d50592b738fe9fa4fb82
Devil’s Candy,Michael Bibi,Amsterdam/AmsterdamMusic/10s Music/DevilsCandy.mp3,Amsterdam,2010s,https://i.scdn.co/image/ab67616d0000b273dcb9e04f61642c00bde6ed47
White Noise,Disclosure,Amsterdam/AmsterdamMusic/10s Music/WhiteNoise.mp3,Amsterdam,2010s,https://i.scdn.co/image/ab67616d0000b273786201dca187d2b0c956c24b
Sun Goes Down,Cloonee,Amsterdam/AmsterdamMusic/10s Music/SunGoesDown.mp3,Amsterdam,2010s,https://i.scdn.co/image/ab67616d0000b2738df8855d62c9a41a67bb2fa2
House & Pressure,Route 94,Amsterdam/AmsterdamMusic/10s Music/HouseAndPressure.mp3,Amsterdam,2010s,https://i.scdn.co/image/ab67616d0000b273a1bc40030a3150c4c3d2372b
Let Love Rule (Justice Remix),Justice,Barcelona/BarcelonaMusic/80s Music/LetLoveRule.mp3,Barcelona,1980s,https://i.scdn.co/image/ab67616d0000b2735066e17de37877f3acb9935f
Fascinated,Company B,Barcelona/BarcelonaMusic/80s Music/Fascinated.mp3,Barcelona,1980s,https://i.scdn.co/image/ab67616d0000b273718c9303e8dc4cc887e76353
So Glad,Fingers Inc.,Barcelona/BarcelonaMusic/80s Music/SoGlad.mp3,Barcelona,1980s,https://i.scdn.co/image/ab67616d0000b273a38f5bf23f9b4145a4cb3773
Angel Eyes,Lime,Barcelona/BarcelonaMusic/80s Music/AngelEyes.mp3,Barcelona,1980s,https://i.scdn.co/image/ab67616d0000b273683cb028c1c1d08845ac8b3d
Ma quale idea,Pino D’Angiò,Barcelona/BarcelonaMusic/80s Music/Maqualeidea.mp3,Barcelona,1980s,https://i.scdn.co/image/ab67616d0000b273cad8789bb4e3de4e81ece093
Mutante,Rita Lee,Barcelona/BarcelonaMusic/80s Music/Mutante.mp3,Barcelona,1980s,https://i.scdn.co/image/ab67616d0000b273be8cf64739651afb08c32c48
Your Love,Frankie Knuckles,Barcelona/BarcelonaMusic/80s Music/YourLove.mp3,Barcelona,1980s,https://i.scdn.co/image/ab67616d0000b273f899563d84b3e1438a3a5433
Toros,Raul Orellana,Barcelona/BarcelonaMusic/80s Music/Toros.mp3,Barcelona,1980s,https://i.scdn.co/image/ab67616d0000b273df7b9348a5efc0726238387c
Madrugada Eterna,The KLF,Barcelona/BarcelonaMusic/80s Music/MadrugadaEterna.mp3,Barcelona,1980s,https://i.scdn.co/image/ab67616d0000b27304008b27e7b6f5227ef013ce
Atewo-Lara Ka Tepa Mo’se,Segun Adewale,Barcelona/BarcelonaMusic/80s Music/Atewo-LaraKaTepaMose.mp3,Barcelona,1980s,https://i.scdn.co/image/ab67616d0000b2733cd6cf14b38e51aba8dd89a1
Better Off Alone,Alice Deejay,Barcelona/BarcelonaMusic/90s Music/BetterOffAlone.mp3,Barcelona,1990s,https://i.scdn.co/image/ab67616d0000b2738d897b8994ce008298200408
Turn It Around,Alena,Barcelona/BarcelonaMusic/90s Music/TurnItAround.mp3,Barcelona,1990s,https://i.scdn.co/image/ab67616d0000b2737f01e6015534dfd3ed0dbb92
Samba de Janeiro,Bellini,Barcelona/BarcelonaMusic/90s Music/SambaDeJaneiro.mp3,Barcelona,1990s,https://i.scdn.co/image/ab67616d0000b27315cfd8f433616f3a7677fb93
La Mezcla,Michel Cleis,Barcelona/BarcelonaMusic/90s Music/LaMezcla.mp3,Barcelona,1990s,https://i.scdn.co/image/ab67616d0000b27323954f5314cc81f5d1bc11b9
Remember Me,Blue Boy,Barcelona/BarcelonaMusic/90s Music/RememberMe.mp3,Barcelona,1990s,https://i.scdn.co/image/ab67616d0000b27360412a610724488ded249ee1
"Jumpin’, Jumpin’",Destiny’s Child,Barcelona/BarcelonaMusic/90s Music/JumpinJumpin.mp3,Barcelona,1990s,https://i.scdn.co/image/ab67616d0000b2733718df75b57340c1947747e8
Sing It Back,Moloko,Barcelona/BarcelonaMusic/90s Music/SingItBack.mp3,Barcelona,1990s,https://i.scdn.co/image/ab67616d0000b273d4f00c1ac90480a02fa6b73f
Quando Te Veo,Mo’ Horizons,Barcelona/BarcelonaMusic/90s Music/QuandoTeVeo.mp3,Barcelona,1990s,https://i.scdn.co/image/ab67616d0000b273596bf22bc96675322213aa04
Around the World,Daft Punk,Barcelona/BarcelonaMusic/90s Music/AroundTheWorld.mp3,Barcelona,1990s,https://i.scdn.co/image/ab67616d0000b2738ac778cc7d88779f74d33311
Making A Living,Lee Rodriguez,Barcelona/BarcelonaMusic/90s Music/MakingALiving.mp3,Barcelona,1990s,https://i.scdn.co/image/ab67616d0000b273105362cb1e6e651be8b14975
Mr. Saxobeat,Alexandra Stan,Barcelona/BarcelonaMusic/00s Music/MrSaxobeat.mp3,Barcelona,2000s,https://i.scdn.co/image/ab67616d0000b27319cdf7abe0915c5e71e7974b
I’m Not Alone,Calvin Harris,Barcelona/BarcelonaMusic/00s Music/ImNotAlone.mp3,Barcelona,2000s,https://i.scdn.co/image/ab67616d0000b2738daa8ac6367fc997c1873b9b
Calabria 2007,Enur,Barcelona/BarcelonaMusic/00s Music/Calabria2007.mp3,Barcelona,2000s,https://i.scdn.co/image/ab67616d0000b273c9ee2d29e5034875b9548a77
Guilty,De Souza,Barcelona/BarcelonaMusic/00s Music/Guilty.mp3,Barcelona,2000s,https://i.scdn.co/image/ab67616d0000b273ae3b19c9c3414d4e3fe87ceb
Not Enough,Roger Sanchez,Barcelona/BarcelonaMusic/00s Music/NotEnough.mp3,Barcelona,2000s,https://i.scdn.co/image/ab67616d0000b273a56801fad33626328469e88f
Bring the Noise,Public Enemy,Barcelona/BarcelonaMusic/00s Music/BringTheNoise.mp3,Barcelona,2000s,https://i.scdn.co/image/ab67616d0000b273ba9ef4eca97b597b7fb5df5d
Soy yo,Bomba Estéreo,Barcelona/BarcelonaMusic/00s Music/SoyYo.mp3,Barcelona,2000s,https://i.scdn.co/image/ab67616d0000b273b2dbf8c8d755551463ddb74e
On The Floor,Jennifer Lopez,Barcelona/BarcelonaMusic/00s Music/OnTheFloor.mp3,Barcelona,2000s,https://i.scdn.co/image/ab67616d0000b273d7b2aa3834b82b1cbe899a48
Yo Voy,Zion & Lennox,Barcelona/BarcelonaMusic/00s Music/YoVoy.mp3,Barcelona,2000s,https://i.scdn.co/image/ab67616d0000b27387d3146807ad53b05a7daaac
Temperature,Sean Paul,Barcelona/BarcelonaMusic/00s Music/Temperature.mp3,Barcelona,2000s,https://i.scdn.co/image/ab67616d0000b27360ccb37245f06381ee4d10d1
ADD SUV,Uffie,Barcelona/BarcelonaMusic/10s Music/ADDSUV.mp3,Barcelona,2010s,https://i.scdn.co/image/ab67616d0000b2735dff374c274e3e86b29692cf
Be Mine,Ofenbach,Barcelona/BarcelonaMusic/10s Music/BeMine.mp3,Barcelona,2010s,https://i.scdn.co/image/ab67616d0000b273e819b286432a124e510dc87b
Beam Me Up,Midnight Magic,Barcelona/BarcelonaMusic/10s Music/BeamMeUp.mp3,Barcelona,2010s,https://i.scdn.co/image/ab67616d0000b2730798d805f4d77da73b4c6e92
Magalenha,Simon Fava,Barcelona/BarcelonaMusic/10s Music/Magalenha.mp3,Barcelona,2010s,https://i.scdn.co/image/ab67616d0000b27344befd69bdbf741fefa13141
Electricity,Silk City,Barcelona/BarcelonaMusic/10s Music/Electricity.mp3,Barcelona,2010s,https://i.scdn.co/image/ab67616d0000b273a334001297c78a5da11d5b58
Hideaway,Kiesza,Barcelona/BarcelonaMusic/10s Music/Hideaway.mp3,Barcelona,2010s,https://i.scdn.co/image/ab67616d0000b2739f495d4df29cd5cbd83423a0
Feel So Close,Calvin Harris,Barcelona/BarcelonaMusic/10s Music/FeelSoClose.mp3,Barcelona,2010s,https://i.scdn.co/image/ab67616d0000b273dcef905cb144d4867119850b
Inspector Norse,Todd Terje,Barcelona/BarcelonaMusic/10s Music/InspectorNorse.mp3,Barcelona,2010s,https://i.scdn.co/image/ab67616d0000b273c1fcf7dbd3f2063e265dca99
Five More Hours,Deorro,Barcelona/BarcelonaMusic/10s Music/FiveMoreHours.mp3,Barcelona,2010s,https://i.scdn.co/image/ab67616d0000b273fe3951b474a76b0f25e3c760
Greyhound,Swedish House Mafia,Barcelona/BarcelonaMusic/10s Music/Greyhound.mp3,Barcelona,2010s,https://i.scdn.co/image/ab67616d0000b273781f6dd5abe91929df0314e3
The Groove That Won’t Stop,Kevin Saunderson,Berlin/BerlinMusic/80s Music/TheGrooveThatWontStop.mp3,Berlin,1980s,https://i.scdn.co/image/ab67616d0000b273579fa66b5222a8760b3099f0
I’m Strong,Robert Owens,Berlin/BerlinMusic/80s Music/ImStrong.mp3,Berlin,1980s,https://i.scdn.co/image/ab67616d0000b273e5cf8de847c478f6e3b4ecde
The Chase,Model 500,Berlin/BerlinMusic/80s Music/TheChase.mp3,Berlin,1980s,https://i.scdn.co/image/ab67616d0000b273ba5628de5040f60b52619fad
Industrial Bass,Project '86',Berlin/BerlinMusic/80s Music/IndustrialBass.mp3,Berlin,1980s,https://i.scdn.co/image/ab67616d0000b2730986109a7a526fb622914b06
Night In Motion,Cubic 22,Berlin/BerlinMusic/80s Music/NightInMotion.mp3,Berlin,1980s,https://i.scdn.co/image/ab67616d0000b273336164d2a9b9ca0b2efcf49d
Preacher Man,Green Velvet,Berlin/BerlinMusic/80s Music/PreacherMan.mp3,Berlin,1980s,https://i.scdn.co/image/ab67616d0000b2738da1f8135b9ddc3f4925958b
Flash,Fix,Berlin/BerlinMusic/80s Music/Flash.mp3,Berlin,1980s,https://i.scdn.co/image/ab67616d0000b273993337ae3e396762e4dcd247
Vamp,Outlander,Berlin/BerlinMusic/80s Music/Vamp.mp3,Berlin,1980s,https://i.scdn.co/image/ab67616d0000b2730fb1d1507e9a25482426fa52
Plastic Dreams,Jaydee,Berlin/BerlinMusic/80s Music/PlasticDreams.mp3,Berlin,1980s,https://i.scdn.co/image/ab67616d0000b273af5604d9280c07a4cfe0a60d
Mental Breakdown,Phuture,Berlin/BerlinMusic/80s Music/MentalBreakdown.mp3,Berlin,1980s,https://i.scdn.co/image/ab67616d0000b273ae28efb3fedca7c737b49424
Energy Flash,Joey Beltram,Berlin/BerlinMusic/90s Music/EnergyFlash.mp3,Berlin,1990s,https://i.scdn.co/image/ab67616d0000b273215f7aaad42adf6cc9457fd0
LFO,LFO,Berlin/BerlinMusic/90s Music/LFO.mp3,Berlin,1990s,https://i.scdn.co/image/ab67616d0000b273b22ad5a9d7ffd4f4ff41b334
Jam the Mace,House Syndicate,Berlin/BerlinMusic/90s Music/JamTheMace.mp3,Berlin,1990s,https://i.scdn.co/image/ab67616d0000b27334040d29d18fde42c87d7fe9
The Warning,Logic,Berlin/BerlinMusic/90s Music/TheWarning.mp3,Berlin,1990s,https://i.scdn.co/image/ab67616d0000b273dfe82ac78955d2a93a683894
We Are Phuture,Phuture,Berlin/BerlinMusic/90s Music/WeArePhuture.mp3,Berlin,1990s,https://i.scdn.co/image/ab67616d0000b273c645cf004049b04f7a6f2b43
I Believe,Octave One,Berlin/BerlinMusic/90s Music/IBelieve.mp3,Berlin,1990s,https://i.scdn.co/image/ab67616d0000b273e4703f6d229d11e2bd719e7c
Turn Up The Bass,Tyree Cooper,Berlin/BerlinMusic/90s Music/TurnUpTheBass.mp3,Berlin,1990s,https://i.scdn.co/image/ab67616d0000b273265193f539afa00cf0e59c90
Yoyo Get Funky,Fast Eddie,Berlin/BerlinMusic/90s Music/YoyoGetFunky.mp3,Berlin,1990s,https://i.scdn.co/image/ab67616d0000b273e5baaa593d6304c7d4189195
100% of Dissin You,Armando,Berlin/BerlinMusic/90s Music/100PercentOfDissinYou.mp3,Berlin,1990s,https://i.scdn.co/image/ab67616d0000b273f1724b45f67b89b5af6ca290
Call It Techno,Frankie Bones,Berlin/BerlinMusic/90s Music/CallItTechno.mp3,Berlin,1990s,https://i.scdn.co/image/ab67616d0000b2739fac07924ff4706681ef6093
Meine,Daso,Berlin/BerlinMusic/00s Music/Meine.mp3,Berlin,2000s,https://i.scdn.co/image/ab67616d0000b273af45eccec10417f5788cfaa8
The Setup,Moodymann,Berlin/BerlinMusic/00s Music/TheSetup.mp3,Berlin,2000s,https://i.scdn.co/image/ab67616d0000b273acdc6c8b134d4528937c4565
Square 1,Paul Kalkbrenner,Berlin/BerlinMusic/00s Music/Square1.mp3,Berlin,2000s,https://i.scdn.co/image/ab67616d0000b2730cb46c5042b60091d1b3a659
Cornflake Boy,Marbert Rocel,Berlin/BerlinMusic/00s Music/CornflakeBoy.mp3,Berlin,2000s,https://i.scdn.co/image/ab67616d0000b2730016f32a2e57cf152055df2e
Lila,Rodriguez Jr.,Berlin/BerlinMusic/00s Music/Lila.mp3,Berlin,2000s,https://i.scdn.co/image/ab67616d0000b273c4c1895a7830789a70fd900f
Silent Drop,Dosem,Berlin/BerlinMusic/00s Music/SilentDrop.mp3,Berlin,2000s,https://i.scdn.co/image/ab67616d0000b273a64212c4d883e4ae7b51fabb
Some Sweat,Sascha Braemer,Berlin/BerlinMusic/00s Music/SomeSweat.mp3,Berlin,2000s,https://i.scdn.co/image/ab67616d0000b27389ac386b64487e07d2f9b9b2
The Difference It Makes,The MFA,Berlin/BerlinMusic/00s Music/TheDifferenceItMakes.mp3,Berlin,2000s,https://i.scdn.co/image/ab67616d0000b273dbe3d2cfc96a7d5357fc8424
Subzero,Ben Klock,Berlin/BerlinMusic/00s Music/Subzero.mp3,Berlin,2000s,https://i.scdn.co/image/ab67616d0000b2739ee75b76e9b1bf498a71d26c
[Logo],Moodymann,Berlin/BerlinMusic/00s Music/Logo.mp3,Berlin,2000s,https://i.scdn.co/image/ab67616d0000b273acdc6c8b134d4528937c4565
Return It,Kim Ann Foxman,Berlin/BerlinMusic/10s Music/ReturnIt.mp3,Berlin,2010s,https://i.scdn.co/image/ab67616d0000b273d074ca423271ee771ba4c73b
Empty Floor,Jan Blomqvist,Berlin/BerlinMusic/10s Music/EmptyFloor.mp3,Berlin,2010s,https://i.scdn.co/image/ab67616d0000b273beaa4437cdb9d82dc404d65d
Foreign Language,Flight Facilities,Berlin/BerlinMusic/10s Music/ForeignLanguage.mp3,Berlin,2010s,https://i.scdn.co/image/ab67616d0000b273922b6b2fbd3e310c9b1c1d70
Der Buhold,Paul Kalkbrenner,Berlin/BerlinMusic/10s Music/DerBuhold.mp3,Berlin,2010s,https://i.scdn.co/image/ab67616d0000b273607a5f58f22faac266b8d0b0
Chez A. Untitled,Chez Damier,Berlin/BerlinMusic/10s Music/ChezAUntitled.mp3,Berlin,2010s,https://i.scdn.co/image/ab67616d0000b2737cdb83124c5752caaf908079
Farther And Fainter,John Tejada,Berlin/BerlinMusic/10s Music/FartherAndFainter.mp3,Berlin,2010s,https://i.scdn.co/image/ab67616d0000b27357414527896ba0427a4411b0
Say It,Matt Karmil,Berlin/BerlinMusic/10s Music/SayIt.mp3,Berlin,2010s,https://i.scdn.co/image/ab67616d0000b2735e47f0749ad19eeee5717a0e
Fabric Softener,Vin Sol,Berlin/BerlinMusic/10s Music/FabricSoftener.mp3,Berlin,2010s,https://i.scdn.co/image/ab67616d0000b27395f3def4a92ea414aedea326
Element,Palace,Berlin/BerlinMusic/10s Music/Element.mp3,Berlin,2010s,https://i.scdn.co/image/ab67616d0000b2733bd07a8e81cf06f132f07f42
Signs,Howling,Berlin/BerlinMusic/10s Music/Signs.mp3,Berlin,2010s,https://i.scdn.co/image/ab67616d0000b2739ff796a602ed69f8b0e5cef1
Mystery Of Love,Mr. Fingers,CapeTown/CapeTownMusic/80s Music/MysteryOfLove.mp3,Cape Town,1980s,https://i.scdn.co/image/ab67616d0000b2739568c6b3c059127cca642b4b
Can You Feel It,Mr. Fingers,CapeTown/CapeTownMusic/80s Music/CanYouFeelIt.mp3,Cape Town,1980s,https://i.scdn.co/image/ab67616d0000b2739568c6b3c059127cca642b4b
Your Love,The Outfield,CapeTown/CapeTownMusic/80s Music/YourLove.mp3,Cape Town,1980s,https://i.scdn.co/image/ab67616d0000b273cd7e670a91d0263d2ee1d8a7
Show Me Love,Robin S,CapeTown/CapeTownMusic/80s Music/ShowMeLove.mp3,Cape Town,1980s,https://i.scdn.co/image/ab67616d0000b273b4bd024fb05eb2c0ddf6ea61
Everybody Everybody,Black Box,CapeTown/CapeTownMusic/80s Music/EverybodyEverybody.mp3,Cape Town,1980s,https://i.scdn.co/image/ab67616d0000b273ae03a889dd876866982b309a
Murder She Wrote,Chaka Demus & Pliers,CapeTown/CapeTownMusic/80s Music/MurderSheWrote.mp3,Cape Town,1980s,https://i.scdn.co/image/ab67616d0000b2736ede9997b1c47f6891a25671
RIP Groove,Double 99,CapeTown/CapeTownMusic/80s Music/RIPGroove.mp3,Cape Town,1980s,https://i.scdn.co/image/ab67616d0000b273c9638b4c6919a89f068356f1
100% Pure Love,Crystal Waters,CapeTown/CapeTownMusic/80s Music/100PercentPureLove.mp3,Cape Town,1980s,https://i.scdn.co/image/ab67616d0000b273ce50d29ea1deb1fd4fc0830b
Happening All Over Again,Lonnie Gordon,CapeTown/CapeTownMusic/80s Music/HappeningAllOverAgain.mp3,Cape Town,1980s,https://i.scdn.co/image/ab67616d0000b273462c0fb000801af1201ecfa7
Hey,Fatima Rainey,CapeTown/CapeTownMusic/80s Music/Hey.mp3,Cape Town,1980s,https://i.scdn.co/image/ab67616d0000b273a624569b7457ed2b406fa6ea
Teardrops,Lovestation,CapeTown/CapeTownMusic/90s Music/Teardrops.mp3,Cape Town,1990s,https://i.scdn.co/image/ab67616d0000b27349be763b662e7a64494163bf
Shimmy Shake,740 Boyz,CapeTown/CapeTownMusic/90s Music/ShimmyShake.mp3,Cape Town,1990s,https://i.scdn.co/image/ab67616d0000b273869c71c61c7557088b58662b
La La La Hey Hey,The Outhere Brothers,CapeTown/CapeTownMusic/90s Music/LaLaLaHeyHey.mp3,Cape Town,1990s,https://i.scdn.co/image/ab67616d0000b2731e740c3afcb85cec0a8d53f5
Heaven Must Be Missing An Angel,Tavares,CapeTown/CapeTownMusic/90s Music/HeavenMustBeMissingAnAngel.mp3,Cape Town,1990s,https://i.scdn.co/image/ab67616d0000b273487f044d7d8223fe74577536
All Around the World,Lisa Stansfield,CapeTown/CapeTownMusic/90s Music/AllAroundTheWorld.mp3,Cape Town,1990s,https://i.scdn.co/image/ab67616d0000b2732a604708f8cc63898ea5e660
I Just Don’t Have the Heart,Cliff Richard,CapeTown/CapeTownMusic/90s Music/IJustDontHaveTheHeart.mp3,Cape Town,1990s,https://i.scdn.co/image/ab67616d0000b273e3d1d13bcd404fb0a5bfd90c
You’ll Never Stop Me Loving You,Sonia,CapeTown/CapeTownMusic/90s Music/YoullNeverStopMeLovingYou.mp3,Cape Town,1990s,https://i.scdn.co/image/ab67616d0000b273ec09cc225148f943dafdd3f6
Listen to Your Heart,Sonia,CapeTown/CapeTownMusic/90s Music/ListenToYourHeart.mp3,Cape Town,1990s,https://i.scdn.co/image/ab67616d0000b2737386bc65ddc5522d32c90beb
Gonna Make You Sweat (Everybody Dance Now),C & C Music Factory,CapeTown/CapeTownMusic/90s Music/GonnaMakeYouSweat.mp3,Cape Town,1990s,https://i.scdn.co/image/ab67616d0000b273bf6cc1130a676e73730f6311
Ride on Time,Black Box,CapeTown/CapeTownMusic/90s Music/RideOnTime.mp3,Cape Town,1990s,https://i.scdn.co/image/ab67616d0000b273ae03a889dd876866982b309a
What I Do Best,Salomé,CapeTown/CapeTownMusic/00s Music/WhatIDoBest.mp3,Cape Town,2000s,https://i.scdn.co/image/ab67616d0000b2734ca4a275d889c62500f9e09a
Not Too Shabby,Cerrone,CapeTown/CapeTownMusic/00s Music/NotTooShabby.mp3,Cape Town,2000s,https://i.scdn.co/image/ab67616d0000b27347a7282847c714bc8524c81a
Two Can Play That Game,Bobby Brown,CapeTown/CapeTownMusic/00s Music/TwoCanPlayThatGame.mp3,Cape Town,2000s,https://i.scdn.co/image/ab67616d0000b2733999a7b9ab8393e51cf0979e
Baby I Need Your Love,Debelah Morgan,CapeTown/CapeTownMusic/00s Music/BabyINeedYourLove.mp3,Cape Town,2000s,https://i.scdn.co/image/ab67616d0000b2732bd34dbce65d0c7c978a5087
Destiny,Malaika,CapeTown/CapeTownMusic/00s Music/Destiny.mp3,Cape Town,2000s,https://i.scdn.co/image/ab67616d0000b273b99e7a16dfb770ee9b159002
Be Alone No More,Another Level,CapeTown/CapeTownMusic/00s Music/BeAloneNoMore.mp3,Cape Town,2000s,https://i.scdn.co/image/ab67616d0000b273064a72a6a28a41a0c4924658
You’ll Never Know,Hi-Gloss,CapeTown/CapeTownMusic/00s Music/YoullNeverKnow.mp3,Cape Town,2000s,https://i.scdn.co/image/ab67616d0000b2739b1c8577e2436b976a151dcd
Heavenly Sent,Mi Casa,CapeTown/CapeTownMusic/00s Music/HeavenlySent.mp3,Cape Town,2000s,https://i.scdn.co/image/ab67616d0000b27319fc943ca7384ddd2d49d101
La Vida,Mi Casa,CapeTown/CapeTownMusic/00s Music/LaVida.mp3,Cape Town,2000s,https://i.scdn.co/image/ab67616d0000b27319fc943ca7384ddd2d49d101
Alone,Liquideep,CapeTown/CapeTownMusic/00s Music/Alone.mp3,Cape Town,2000s,https://i.scdn.co/image/ab67616d0000b273b47a9ea845c030fd3c5b718c
iPlan,Dlala Thukzin,CapeTown/CapeTownMusic/10s Music/iPlan.mp3,Cape Town,2010s,https://i.scdn.co/image/ab67616d0000b27390c1d9fe38737e9cc1e2f245
Abalele,Kabza De Small,CapeTown/CapeTownMusic/10s Music/Abalele.mp3,Cape Town,2010s,https://i.scdn.co/image/ab67616d0000b273e9704dc8d474b6318a12cab9
Hamba Wena,Deep London,CapeTown/CapeTownMusic/10s Music/HambaWena.mp3,Cape Town,2010s,https://i.scdn.co/image/ab67616d0000b273afc5afba49eee615f9fa6870
The Boss,The Braxtons,CapeTown/CapeTownMusic/10s Music/TheBoss.mp3,Cape Town,2010s,https://i.scdn.co/image/ab67616d0000b273055bcd5a6fb20b00c464d23f
Jabba,HHP,CapeTown/CapeTownMusic/10s Music/Jabba.mp3,Cape Town,2010s,https://i.scdn.co/image/ab67616d0000b2736db195112b87e43529698c0e
Why,Garth Taylor,CapeTown/CapeTownMusic/10s Music/Why.mp3,Cape Town,2010s,https://i.scdn.co/image/ab67616d0000b27397f5a993bbf31d8557e61eca
Music Sounds Better With You,Stardust,CapeTown/CapeTownMusic/10s Music/MusicSoundsBetterWithYou.mp3,Cape Town,2010s,https://i.scdn.co/image/ab67616d0000b273b98afa12c212cbbda4f1799b
My Love,Route 94,CapeTown/CapeTownMusic/10s Music/MyLove.mp3,Cape Town,2010s,https://i.scdn.co/image/ab67616d0000b273229b511799188e23773629f0
Prayer in C,Lilly Wood and The Prick,CapeTown/CapeTownMusic/10s Music/PrayerInC.mp3,Cape Town,2010s,https://i.scdn.co/image/ab67616d0000b2730538d5d965798a403219a470
Hideaway,Kiesza,CapeTown/CapeTownMusic/10s Music/Hideaway.mp3,Cape Town,2010s,https://i.scdn.co/image/ab67616d0000b2739f495d4df29cd5cbd83423a0
Midas Touch,Midnight Star,Chicago/ChicagoMusic/80s Music/MidasTouch.mp3,Chicago,1980s,https://i.scdn.co/image/ab67616d0000b27377d59af92dc052916128edaf
Stomp!,The Brother's Johnson,Chicago/ChicagoMusic/80s Music/Stomp!.mp3,Chicago,1980s,https://i.scdn.co/image/ab67616d0000b27379956b5acca04ed583ba74f3
Ride On Time,Black Box,Chicago/ChicagoMusic/80s Music/RideOnTime.mp3,Chicago,1980s,https://i.scdn.co/image/ab67616d0000b273ae03a889dd876866982b309a
Last Night A DJ Saved My Life,Indeep,Chicago/ChicagoMusic/80s Music/LastNightADJSavedMyLife.mp3,Chicago,1980s,https://i.scdn.co/image/ab67616d0000b2730fe6d527d278ae74f11ffc6e
I Need Your Lovin,Teena Marie,Chicago/ChicagoMusic/80s Music/INeedYourLovin.mp3,Chicago,1980s,https://i.scdn.co/image/ab67616d0000b273e11450d56a9957ca090f8f8b
The Perfect Kiss,New Order,Chicago/ChicagoMusic/80s Music/ThePerfectKiss.mp3,Chicago,1980s,https://i.scdn.co/image/ab67616d0000b273d3495c4785236068ebc7fdc8
Move This,Technotronic,Chicago/ChicagoMusic/80s Music/MoveThis.mp3,Chicago,1980s,https://i.scdn.co/image/ab67616d0000b273ec33268bbde00d494da28a7f
Hip Hop Be Bop,Man Parrish,Chicago/ChicagoMusic/80s Music/HipHopBeBop.mp3,Chicago,1980s,https://i.scdn.co/image/ab67616d0000b273adc1d41c9b0e28f87a8cfcc7
Dirty Cash,The Adventures of Stevie V,Chicago/ChicagoMusic/80s Music/DirtyCash.mp3,Chicago,1980s,https://i.scdn.co/image/ab67616d0000b2735893643e11d44e3ef569479c
Sensation,Ron Hardy,Chicago/ChicagoMusic/80s Music/Sensation.mp3,Chicago,1980s,https://i.scdn.co/image/ab67616d0000b2735d12aadc8c477113c77e7d0b
Show Me Love,Robin S,Chicago/ChicagoMusic/90s Music/ShowMeLove.mp3,Chicago,1990s,https://i.scdn.co/image/ab67616d0000b273b4bd024fb05eb2c0ddf6ea61
Missing (Todd Terry Club Mix),Everything But The Girl,Chicago/ChicagoMusic/90s Music/Missing(Todd Terry Club Mix).mp3,Chicago,1990s,https://i.scdn.co/image/ab67616d0000b273202e3b9e622740e2cfee3d70
Percolator,Cajmere,Chicago/ChicagoMusic/90s Music/Percolator.mp3,Chicago,1990s,https://i.scdn.co/image/ab67616d0000b27327b81cd855923408935cf744
Gypsy Woman (She’s Homeless),Crystal Waters,Chicago/ChicagoMusic/90s Music/GypsyWoman.mp3,Chicago,1990s,https://i.scdn.co/image/ab67616d0000b273cb8b730e1ee1f92121480cf5
Dreamer,Livin’ Joy,Chicago/ChicagoMusic/90s Music/Dreamer(2).mp3,Chicago,1990s,https://i.scdn.co/image/ab67616d0000b2737d1b4387ef61788f72715186
Take Me In Your Arms,Lil Suzy,Chicago/ChicagoMusic/90s Music/TakeMeInYourArms.mp3,Chicago,1990s,https://i.scdn.co/image/ab67616d0000b273272e3f262dbe89971e0b8351
Finally,CeCe Peniston,Chicago/ChicagoMusic/90s Music/Finally.mp3,Chicago,1990s,https://i.scdn.co/image/ab67616d0000b2736daeecfc1a67bd3865048299
The Whistle Song,Frankie Knuckles,Chicago/ChicagoMusic/90s Music/TheWhistleSong.mp3,Chicago,1990s,https://i.scdn.co/image/ab67616d0000b273dad4647a643d937143c76ba9
Too Hot For Love,Stacey Q,Chicago/ChicagoMusic/90s Music/TooHotForLove.mp3,Chicago,1990s,https://i.scdn.co/image/ab67616d0000b273ee531ccb462ad6a3a39ee876
Good Vibrations,Marky Mark And The Funky Bunch,Chicago/ChicagoMusic/90s Music/GoodVibrations.mp3,Chicago,1990s,https://i.scdn.co/image/ab67616d0000b27357cbec5e7b8768b363965541
Lady,Modjo,Chicago/ChicagoMusic/00s Music/Lady.mp3,Chicago,2000s,https://i.scdn.co/image/ab67616d0000b27354c5c304064df85d61253ac7
Be Your Girl,Teedra Moses,Chicago/ChicagoMusic/00s Music/BeYourGirl.mp3,Chicago,2000s,https://i.scdn.co/image/ab67616d0000b2730ba27c35e81e0b21029a03b6
Somethin' Here,Terrence Parker,Chicago/ChicagoMusic/00s Music/SomethinHere.mp3,Chicago,2000s,https://i.scdn.co/image/ab67616d0000b2730628d1e19178c84681c454cb
Dancin,Aaron Smith,Chicago/ChicagoMusic/00s Music/Dancin.mp3,Chicago,2000s,https://i.scdn.co/image/ab67616d0000b2738e434692f8d330ad8f5d933a
Blackwater,Octave One,Chicago/ChicagoMusic/00s Music/Blackwater.mp3,Chicago,2000s,https://i.scdn.co/image/ab67616d0000b2739824d6ecdb014432727d3025
Tell Me Why,Supermode,Chicago/ChicagoMusic/00s Music/TellMeWhy.mp3,Chicago,2000s,https://i.scdn.co/image/ab67616d0000b273010a5f4abb5bc82685e30137
Lola's Theme,The Shapeshifters,Chicago/ChicagoMusic/00s Music/LolasTheme.mp3,Chicago,2000s,https://i.scdn.co/image/ab67616d0000b2734d74f575e1d411a6369e9ca8
The Sun Can't Compare,Larry Heard,Chicago/ChicagoMusic/00s Music/TheSunCantCompare.mp3,Chicago,2000s,https://i.scdn.co/image/ab67616d0000b27307e3aa371534224c271b33a4
So Many Times,Gadjo,Chicago/ChicagoMusic/00s Music/SoManyTimes.mp3,Chicago,2000s,https://i.scdn.co/image/ab67616d0000b2734a8baa907ca2aa7baa5b23ee
At Night,Shakedown,Chicago/ChicagoMusic/00s Music/AtNight.mp3,Chicago,2000s,https://i.scdn.co/image/ab67616d0000b273b466fa3daa74e1807acab1b9
Brighter Days,Cajmere,Chicago/ChicagoMusic/10s Music/BrighterDays.mp3,Chicago,2010s,https://i.scdn.co/image/ab67616d0000b27366f593916ebca2492e003ad0
Raingurl,Yaeji,Chicago/ChicagoMusic/10s Music/Raingurl.mp3,Chicago,2010s,https://i.scdn.co/image/ab67616d0000b273e6eb6a66ed4426f5cb6c4d9a
Topdown,Channel Tres,Chicago/ChicagoMusic/10s Music/Topdown.mp3,Chicago,2010s,https://i.scdn.co/image/ab67616d0000b273e2565f077fcf8d8bc6f401fc
My Forbidden Lover,Tapps,Chicago/ChicagoMusic/10s Music/MyForbiddenLover.mp3,Chicago,2010s,https://i.scdn.co/image/ab67616d0000b2735133753da25ff4ba01c07d41
ADD SUV,Uffie,Chicago/ChicagoMusic/10s Music/ADDSUV.mp3,Chicago,2010s,https://i.scdn.co/image/ab67616d0000b2735dff374c274e3e86b29692cf
Paris City Jazz,Bellaire,Chicago/ChicagoMusic/10s Music/ParisCityJazz.mp3,Chicago,2010s,https://i.scdn.co/image/ab67616d0000b2732ec0df7877422d06b43739f2
Something Here for the Club,Terrence Parker,Chicago/ChicagoMusic/10s Music/SomethingHereForTheClub.mp3,Chicago,2010s,https://i.scdn.co/image/ab67616d0000b27310805edc427e5b77dfcc9215
Yolanda,Reality,Chicago/ChicagoMusic/10s Music/Yolanda.mp3,Chicago,2010s,https://i.scdn.co/image/ab67616d0000b2733b2753c3da91d022c4621091
Move Your Body,Tchami,Chicago/ChicagoMusic/10s Music/MoveYourBody.mp3,Chicago,2010s,https://i.scdn.co/image/ab67616d0000b27357e3ef0ec777a0034e7ec2b2
Doin’ Ya Thang,Oliver Dollar,Chicago/ChicagoMusic/10s Music/DoinYaThang.mp3,Chicago,2010s,https://i.scdn.co/image/ab67616d0000b273b0dc7e28795b7caa29896968
Good Life,Inner City,Detroit/DetroitMusic/80s Music/GoodLife.mp3,Detroit,1980s,https://i.scdn.co/image/ab67616d0000b2734573e6f96afc42c80f3ed183
Just Buggin’,Fast Eddie,Detroit/DetroitMusic/80s Music/JustBuggin.mp3,Detroit,1980s,https://i.scdn.co/image/ab67616d0000b273ca7c73c86c55092f9a2eed7e
It’s A Cold World,Frankie Knuckles,Detroit/DetroitMusic/80s Music/ItsAColdWorld.mp3,Detroit,1980s,https://i.scdn.co/image/ab67616d0000b273374e2191da78fa4f626cf2d7
Your Only Friend,Phuture,Detroit/DetroitMusic/80s Music/YourOnlyFriend.mp3,Detroit,1980s,https://i.scdn.co/image/ab67616d0000b2735ed80d6534ccef276e272bc4
In A Vision,Virgo Four,Detroit/DetroitMusic/80s Music/InAVision.mp3,Detroit,1980s,https://i.scdn.co/image/ab67616d0000b273054ee779972c4a706ef9f541
Somebody New,MK,Detroit/DetroitMusic/80s Music/SomebodyNew.mp3,Detroit,1980s,https://i.scdn.co/image/ab67616d0000b2738eb7922ecfad35ca22dc6644
Technicolor,Channel One,Detroit/DetroitMusic/80s Music/Technicolor.mp3,Detroit,1980s,https://i.scdn.co/image/ab67616d0000b27346524ca3eac2efc3ba381c1a
Triangle Of Love,K-Reem,Detroit/DetroitMusic/80s Music/TriangleOfLove.mp3,Detroit,1980s,https://i.scdn.co/image/ab67616d0000b273d43a33edba297dee1ec3c908
Mood,Symbols And Instruments,Detroit/DetroitMusic/80s Music/Mood.mp3,Detroit,1980s,https://i.scdn.co/image/ab67616d0000b27389f64a392b086dd96c0d6d58
What About This Love?,Mr. Fingers,Detroit/DetroitMusic/80s Music/WhatAboutThisLove.mp3,Detroit,1980s,https://i.scdn.co/image/ab67616d0000b27311c74ea307f86c1a7cf2f01f
I Can’t Kick This Feeling When It Hits,Moodymann,Detroit/DetroitMusic/90s Music/ICantKickThisFeeling.mp3,Detroit,1990s,https://i.scdn.co/image/ab67616d0000b27372d1e831b30315d08b1f426b
I’m Lonely,Hollis P. Monroe,Detroit/DetroitMusic/90s Music/ImLonely.mp3,Detroit,1990s,https://i.scdn.co/image/ab67616d0000b2734d873e3c8c94429a593ade9b
See U No Mo,DJ Godfather,Detroit/DetroitMusic/90s Music/SeeUNoMo.mp3,Detroit,1990s,https://i.scdn.co/image/ab67616d0000b273ef61e55755aa603ebc4ca8df
Only Love Can Break Your Heart,Saint Etienne,Detroit/DetroitMusic/90s Music/OnlyLoveCanBreakYourHeart.mp3,Detroit,1990s,https://i.scdn.co/image/ab67616d0000b273db369330ed6f02b24f8c5f0b
My Joy,Quentin Harris,Detroit/DetroitMusic/90s Music/MyJoy.mp3,Detroit,1990s,https://i.scdn.co/image/ab67616d0000b27381168843bef99e7b14cf124a
Throw Your Hands Up,313 Bass Mechanics,Detroit/DetroitMusic/90s Music/ThrowYourHandsUp.mp3,Detroit,1990s,https://i.scdn.co/image/ab67616d0000b2738f4640e5e6e010f8edf09c38
That Man (He’s All Mine),Inner City,Detroit/DetroitMusic/90s Music/ThatMan.mp3,Detroit,1990s,https://i.scdn.co/image/ab67616d0000b27358041e670cfe52359d21988e
Missing You,Larry Heard,Detroit/DetroitMusic/90s Music/MissingYou.mp3,Detroit,1990s,https://i.scdn.co/image/ab67616d0000b2732d7c06e18df55282b6125207
Workout,Frankie Knuckles,Detroit/DetroitMusic/90s Music/Workout.mp3,Detroit,1990s,https://i.scdn.co/image/ab67616d0000b273dad4647a643d937143c76ba9
Closer,Mr. Fingers,Detroit/DetroitMusic/90s Music/Closer.mp3,Detroit,1990s,https://i.scdn.co/image/ab67616d0000b2735947b876dcdef2e2135a6f3f
Hi-tech Jazz,Galaxy 2 Galaxy,Detroit/DetroitMusic/00s Music/HiTechJazz.mp3,Detroit,2000s,https://i.scdn.co/image/ab67616d0000b273bfb572c775f90a8c96eda02c
Traveling,Quentin Harris,Detroit/DetroitMusic/00s Music/Traveling.mp3,Detroit,2000s,https://i.scdn.co/image/ab67616d0000b27381168843bef99e7b14cf124a
Don’t You Want My Love,Moodymann,Detroit/DetroitMusic/00s Music/DontYouWantMyLove.mp3,Detroit,2000s,https://i.scdn.co/image/ab67616d0000b273acdc6c8b134d4528937c4565
Is It Cool,Andres,Detroit/DetroitMusic/00s Music/IsItCool.mp3,Detroit,2000s,https://i.scdn.co/image/ab67616d0000b2730c3ab0f0fe6ea2bf994e1df7
A Walk in the Park,DJ Minx,Detroit/DetroitMusic/00s Music/AWalkInThePark.mp3,Detroit,2000s,https://i.scdn.co/image/ab67616d0000b273ffc4ce8b5553e43faa7213df
Lake Shore Drive,Theo Parrish,Detroit/DetroitMusic/00s Music/LakeShoreDrive.mp3,Detroit,2000s,https://i.scdn.co/image/ab67616d0000b273c2aea698f8bc6cedb89b97a1
Momma’s Groove,Osunlade,Detroit/DetroitMusic/00s Music/MommasGroove.mp3,Detroit,2000s,https://i.scdn.co/image/ab67616d0000b273573551a31ef79a737177b8b5
Down,Aaron Carl,Detroit/DetroitMusic/00s Music/Down.mp3,Detroit,2000s,https://i.scdn.co/image/ab67616d0000b273bfa4cd0c0c96e8181bf70c30
Love’s Got Me High,Terrence Parker,Detroit/DetroitMusic/00s Music/LovesGotMeHigh.mp3,Detroit,2000s,https://i.scdn.co/image/ab67616d0000b2731450aa6a62db62cf4c7fde10
"My Soul, My Spirit",Mike Grant,Detroit/DetroitMusic/00s Music/MySoulMySpirit.mp3,Detroit,2000s,https://i.scdn.co/image/ab67616d0000b27327d87a7fcffc850220286736
Just A Player,Andres,Detroit/DetroitMusic/10s Music/JustAPlayer.mp3,Detroit,2010s,https://i.scdn.co/image/ab67616d0000b273e5396300eae4beeb03a2ebe5
Shinjuku Strut,Rick Wade,Detroit/DetroitMusic/10s Music/ShinjukuStrut.mp3,Detroit,2010s,https://i.scdn.co/image/ab67616d0000b273133d4c988f11b76bbd5f2615
Lyk U Use 2,Moodymann,Detroit/DetroitMusic/10s Music/LykUUse2.mp3,Detroit,2010s,https://i.scdn.co/image/ab67616d0000b273fa24f67475e908dc618953e5
Twisted Disco 77,Terrence Parker,Detroit/DetroitMusic/10s Music/TwistedDisco77.mp3,Detroit,2010s,https://i.scdn.co/image/ab67616d0000b273ad767ae3d27813fdf95d58ee
L.O.V.E,Motor City Drum Ensemble,Detroit/DetroitMusic/10s Music/LOVE.mp3,Detroit,2010s,https://i.scdn.co/image/ab67616d0000b27395c5e73f2e8e7f7c0d3e9ee6
I Just Wanna Tell,Waajeed,Detroit/DetroitMusic/10s Music/IJustWannaTell.mp3,Detroit,2010s,https://i.scdn.co/image/ab67616d0000b273e9663765c535a3f92c2c6203
You Want Me (Never),Marcellus Pittman,Detroit/DetroitMusic/10s Music/YouWantMeNever.mp3,Detroit,2010s,https://i.scdn.co/image/ab67616d0000b27339fad189dc883c33a5946095
Shake a Lil Faster,Detroit In Effect,Detroit/DetroitMusic/10s Music/ShakeALilFaster.mp3,Detroit,2010s,https://i.scdn.co/image/ab67616d0000b273f3e259602a7f2e1f7cb36cc3
Track 39,LADYMONIX,Detroit/DetroitMusic/10s Music/Track39.mp3,Detroit,2010s,https://i.scdn.co/image/ab67616d0000b27375b5684d789da059e5cdbd26
The Break Up,Dam Swindle,Detroit/DetroitMusic/10s Music/TheBreakUp.mp3,Detroit,2010s,https://i.scdn.co/image/ab67616d0000b273b54d06c5082fbcd9240beb43
Your Love,The Outfield,Ibiza/IbizaMusic/80s Music/YourLove.mp3,Ibiza,1980s,https://i.scdn.co/image/ab67616d0000b273cd7e670a91d0263d2ee1d8a7
Pump Up The Jam,Technotronic,Ibiza/IbizaMusic/80s Music/PumpUpTheJam.mp3,Ibiza,1980s,https://i.scdn.co/image/ab67616d0000b27391f442ef24b8410ec1e68003
Don’t You Want Me,The Human League,Ibiza/IbizaMusic/80s Music/DontYouWantMe.mp3,Ibiza,1980s,https://i.scdn.co/image/ab67616d0000b2735579d8a505c727349a203074
Sweet Dreams (Are Made Of This),Eurythmics,Ibiza/IbizaMusic/80s Music/SweetDreams.mp3,Ibiza,1980s,https://i.scdn.co/image/ab67616d0000b273b3994c94dfb241923664bb4d
Somebody’s Watching Me,Rockwell!,Ibiza/IbizaMusic/80s Music/SomebodysWatchingMe.mp3,Ibiza,1980s,https://i.scdn.co/image/ab67616d0000b2733b6773d6e0df6eedefb20190
Bring The Noise,Public Enemy,Ibiza/IbizaMusic/80s Music/BringTheNoise.mp3,Ibiza,1980s,https://i.scdn.co/image/ab67616d0000b273ba9ef4eca97b597b7fb5df5d
Take Me Up,Ralphi Rosario,Ibiza/IbizaMusic/80s Music/TakeMeUp.mp3,Ibiza,1980s,https://i.scdn.co/image/ab67616d0000b2732f37189c26470118fa168b7a
It’s a War,Kano,Ibiza/IbizaMusic/80s Music/ItsAWar.mp3,Ibiza,1980s,https://i.scdn.co/image/ab67616d0000b27306626ce73a09a03ddf2f6adc
Push It(Again),Salt-N-Pepa,Ibiza/IbizaMusic/80s Music/PushItAgain.mp3,Ibiza,1980s,https://i.scdn.co/image/ab67616d0000b273f1067f1fb732fe6ee2883517
Never Let Me Down Again,Depeche Mode,Ibiza/IbizaMusic/80s Music/NeverLetMeDownAgain.mp3,Ibiza,1980s,https://i.scdn.co/image/ab67616d0000b27313ccc3e363f27a4a3d06d1b1
Pasilda,Afro Medusa,Ibiza/IbizaMusic/90s Music/Pasilda.mp3,Ibiza,1990s,https://i.scdn.co/image/ab67616d0000b273408b5b93ea59befa5a1ad6ea
You Don’t Know Me,Armand Van Helden,Ibiza/IbizaMusic/90s Music/YouDontKnowMe.mp3,Ibiza,1990s,https://i.scdn.co/image/ab67616d0000b273bda22eb85e1a6dc323b3b58c
Music Sounds Better With You,Stardust,Ibiza/IbizaMusic/90s Music/MusicSoundsBetterWithYou.mp3,Ibiza,1990s,https://i.scdn.co/image/ab67616d0000b273b98afa12c212cbbda4f1799b
Music Is Pumping,People Underground,Ibiza/IbizaMusic/90s Music/MusicIsPumping.mp3,Ibiza,1990s,https://i.scdn.co/image/ab67616d0000b2736680e28d134cda13d1f90b1d
Big Love,Pete Heller,Ibiza/IbizaMusic/90s Music/BigLove.mp3,Ibiza,1990s,https://i.scdn.co/image/ab67616d0000b273903116655ecfb5bcea68f6e3
Can’t Get Enough!,Soulsearcher,Ibiza/IbizaMusic/90s Music/CantGetEnough.mp3,Ibiza,1990s,https://i.scdn.co/image/ab67616d0000b273af40610f775826fa87137a93
My Feeling,Junior Jack,Ibiza/IbizaMusic/90s Music/MyFeeling.mp3,Ibiza,1990s,https://i.scdn.co/image/ab67616d0000b2734fc78fa7f99960b95789a3ea
Sing It Back,Moloko,Ibiza/IbizaMusic/90s Music/SingItBack.mp3,Ibiza,1990s,https://i.scdn.co/image/ab67616d0000b273d4f00c1ac90480a02fa6b73f
Gotta Let You Go,Dominica,Ibiza/IbizaMusic/90s Music/GottaLetYouGo.mp3,Ibiza,1990s,https://i.scdn.co/image/ab67616d0000b2734337c095ea2a9da81280353b
Believe,Ministers de la Funk,Ibiza/IbizaMusic/90s Music/Believe.mp3,Ibiza,1990s,https://i.scdn.co/image/ab67616d0000b27385c5dc159150272e63d30b07
World Hold On (Children of the Sky),Bob Sinclar,Ibiza/IbizaMusic/00s Music/WorldHoldOn.mp3,Ibiza,2000s,https://i.scdn.co/image/ab67616d0000b273b65ae9724ee6b6c05c3337ad
Let Me Think About It,Ida Corr,Ibiza/IbizaMusic/00s Music/LetMeThinkAboutIt.mp3,Ibiza,2000s,https://i.scdn.co/image/ab67616d0000b273568636ad464813b16a94292a
Where’s Your Head At,Basement Jaxx,Ibiza/IbizaMusic/00s Music/WheresYourHeadAt.mp3,Ibiza,2000s,https://i.scdn.co/image/ab67616d0000b2737a9214e709915022f75a9044
Lola’s Theme,The Shapeshifters,Ibiza/IbizaMusic/00s Music/LolasTheme.mp3,Ibiza,2000s,https://i.scdn.co/image/ab67616d0000b2734d74f575e1d411a6369e9ca8
Call On Me,Eric Prydz,Ibiza/IbizaMusic/00s Music/CallOnMe.mp3,Ibiza,2000s,https://i.scdn.co/image/ab67616d0000b273d93502bd55966aa4683d3add
So Many Times,Gadjo,Ibiza/IbizaMusic/00s Music/SoManyTimes.mp3,Ibiza,2000s,https://i.scdn.co/image/ab67616d0000b2734a8baa907ca2aa7baa5b23ee
It Just Won’t Do,Tim Deluxe,Ibiza/IbizaMusic/00s Music/ItJustWontDo.mp3,Ibiza,2000s,https://i.scdn.co/image/ab67616d0000b27357662b8dbcf7b104478096c9
One More Time,Daft Punk,Ibiza/IbizaMusic/00s Music/OneMoreTime.mp3,Ibiza,2000s,https://i.scdn.co/image/ab67616d0000b2736610c21366e613bfd9f5d197
Feel My Needs,WEISS,Ibiza/IbizaMusic/00s Music/FeelMyNeeds.mp3,Ibiza,2000s,https://i.scdn.co/image/ab67616d0000b2732282cf1bf4b5eb5a6ee67f6e
At Night,Shakedown,Ibiza/IbizaMusic/00s Music/AtNight.mp3,Ibiza,2000s,https://i.scdn.co/image/ab67616d0000b273b466fa3daa74e1807acab1b9
I Adore You,HUGEL,Ibiza/IbizaMusic/10s Music/IAdoreYou.mp3,Ibiza,2010s,https://i.scdn.co/image/ab67616d0000b27305005dc483e9f8a73ccc6d3d
Deep Down,Alok,Ibiza/IbizaMusic/10s Music/DeepDown.mp3,Ibiza,2010s,https://i.scdn.co/image/ab67616d0000b273ed443f0fff29eee63c9ede20
Waiting for Tonight,Jennifer Lopez,Ibiza/IbizaMusic/10s Music/WaitingForTonight.mp3,Ibiza,2010s,https://i.scdn.co/image/ab67616d0000b2735c34d7a87663652675cf3264
La Danza,John Summit,Ibiza/IbizaMusic/10s Music/LaDanza.mp3,Ibiza,2010s,https://i.scdn.co/image/ab67616d0000b273ad133bc180b82ef68aeaed2b
The Cure & The Cause,Fish Go Deep,Ibiza/IbizaMusic/10s Music/TheCureAndTheCause.mp3,Ibiza,2010s,https://i.scdn.co/image/ab67616d0000b2739818bc04da448aa77ffcc040
Finally,Kings Of Tomorrow,Ibiza/IbizaMusic/10s Music/Finally.mp3,Ibiza,2010s,https://i.scdn.co/image/ab67616d0000b2731a5a0a2c5fd403403fa11ee6
Yeah The Girls,FISHER,Ibiza/IbizaMusic/10s Music/YeahTheGirls.mp3,Ibiza,2010s,https://i.scdn.co/image/ab67616d0000b273951ede297e3c2b15bf6f979f
La Musa,Jamie Jones,Ibiza/IbizaMusic/10s Music/LaMusa.mp3,Ibiza,2010s,https://i.scdn.co/image/ab67616d0000b273363c239a3b634cb701555a97
Push The Feeling On,Nightcrawlers,Ibiza/IbizaMusic/10s Music/PushTheFeelingOn.mp3,Ibiza,2010s,https://i.scdn.co/image/ab67616d0000b2733b1e6a6f5aa7c01b433779fe
God Made Me Phunky,MD X-Spress,Ibiza/IbizaMusic/10s Music/GodMadeMePhunky.mp3,Ibiza,2010s,https://i.scdn.co/image/ab67616d0000b273605439f35eb91214ceca3a1d
Dreamer,Livin’ Joy,Johannesburg/JohannesburgMusic/80s Music/Dreamer.mp3,Johannesburg,1980s,https://i.scdn.co/image/ab67616d0000b2737d1b4387ef61788f72715186
You Don’t Know Me,Armand Van Helden,Johannesburg/JohannesburgMusic/80s Music/YouDontKnowMe.mp3,Johannesburg,1980s,https://i.scdn.co/image/ab67616d0000b273bda22eb85e1a6dc323b3b58c
Don’t Give Me Your Life,Alex Party,Johannesburg/JohannesburgMusic/80s Music/DontGiveMeYourLife.mp3,Johannesburg,1980s,https://i.scdn.co/image/ab67616d0000b273bc465a8b71eee47671d47c2b
Welcome to Tomorrow (Are You Ready),SNAP!,Johannesburg/JohannesburgMusic/80s Music/WelcomeToTomorrow.mp3,Johannesburg,1980s,https://i.scdn.co/image/ab67616d0000b27392215b3ed86d652474241c68
Ecuador,Sash!,Johannesburg/JohannesburgMusic/80s Music/Ecuador.mp3,Johannesburg,1980s,https://i.scdn.co/image/ab67616d0000b273481ecf6365d84be80cad59d7
I Like To Move It,Reel 2 Real,Johannesburg/JohannesburgMusic/80s Music/ILikeToMoveIt.mp3,Johannesburg,1980s,https://i.scdn.co/image/ab67616d0000b2734d77a0fda3414d90e6ecc367
King Of My Castle,Wamdue Project,Johannesburg/JohannesburgMusic/80s Music/KingOfMyCastle.mp3,Johannesburg,1980s,https://i.scdn.co/image/ab67616d0000b273478b1bf3c8a06e07c48572ab
Pump Up The Jam,Technotronic,Johannesburg/JohannesburgMusic/80s Music/PumpUpTheJam.mp3,Johannesburg,1980s,https://i.scdn.co/image/ab67616d0000b27391f442ef24b8410ec1e68003
Get Up (Before The Night Is Over),Technotronic,Johannesburg/JohannesburgMusic/80s Music/GetUp.mp3,Johannesburg,1980s,https://i.scdn.co/image/ab67616d0000b27391f442ef24b8410ec1e68003
Venus,Bananarama,Johannesburg/JohannesburgMusic/80s Music/Venus.mp3,Johannesburg,1980s,https://i.scdn.co/image/ab67616d0000b27307d3de253ec02c26c04b95f1
"Boom, Boom, Boom, Boom!",Vengaboys,Johannesburg/JohannesburgMusic/90s Music/BoomBoomBoomBoom.mp3,Johannesburg,1990s,https://i.scdn.co/image/ab67616d0000b27350fcab12b2e2e0ee0019ac53
1999,Prince,Johannesburg/JohannesburgMusic/90s Music/1999.mp3,Johannesburg,1990s,https://i.scdn.co/image/ab67616d0000b273337c5517a9a62e0c3f17d59f
Bla Bla Bla,Gigi D’Agostino,Johannesburg/JohannesburgMusic/90s Music/BlaBlaBla.mp3,Johannesburg,1990s,https://i.scdn.co/image/ab67616d0000b2739f2ee3f526327adefd970bc9
Around the World,Daft Punk,Johannesburg/JohannesburgMusic/90s Music/AroundTheWorld.mp3,Johannesburg,1990s,https://i.scdn.co/image/ab67616d0000b2738ac778cc7d88779f74d33311
That’s the Way It Is,Mel & Kim,Johannesburg/JohannesburgMusic/90s Music/ThatsTheWayItIs.mp3,Johannesburg,1990s,https://i.scdn.co/image/ab67616d0000b2736d0936c54681c673d42ecfd5
The Nighttrain,Kadoc,Johannesburg/JohannesburgMusic/90s Music/TheNighttrain.mp3,Johannesburg,1990s,https://i.scdn.co/image/ab67616d0000b273bec72eb83b56c493bdcc4089
Cheri Cheri Lady,Modern Talking,Johannesburg/JohannesburgMusic/90s Music/CheriCheriLady.mp3,Johannesburg,1990s,https://i.scdn.co/image/ab67616d0000b273aedd9728f5cc4b13ee49e061
I Don’t Know Anybody Else,Black Box,Johannesburg/JohannesburgMusic/90s Music/IDontKnowAnybodyElse.mp3,Johannesburg,1990s,https://i.scdn.co/image/ab67616d0000b273ae03a889dd876866982b309a
Need You Tonight,INXS,Johannesburg/JohannesburgMusic/90s Music/NeedYouTonight.mp3,Johannesburg,1990s,https://i.scdn.co/image/ab67616d0000b2734053ce7818f114a4e8dde08f
Hot Water,Level 42,Johannesburg/JohannesburgMusic/90s Music/HotWater.mp3,Johannesburg,1990s,https://i.scdn.co/image/ab67616d0000b273271a90347fa311fe7073e003
Wena Ng’hamba Nawe,DJ Cleo,Johannesburg/JohannesburgMusic/00s Music/WenaNgHambaNawe.mp3,Johannesburg,2000s,https://i.scdn.co/image/ab67616d0000b27351ae0155e36ffd1573990ebb
Sweety Ma Baby,Brickz,Johannesburg/JohannesburgMusic/00s Music/SweetyMaBaby.mp3,Johannesburg,2000s,https://i.scdn.co/image/ab67616d0000b2732697e0b8562acba6ee9a7623
Sister Bethina,Mgarimbe,Johannesburg/JohannesburgMusic/00s Music/SisterBethina.mp3,Johannesburg,2000s,https://i.scdn.co/image/ab67616d0000b27397897bba6ab919a7584f4598
Superman,Black Coffee,Johannesburg/JohannesburgMusic/00s Music/Superman.mp3,Johannesburg,2000s,https://i.scdn.co/image/ab67616d0000b2730fb378be47dc1d645eee1c3b
We Dance Again,Black Coffee,Johannesburg/JohannesburgMusic/00s Music/WeDanceAgain.mp3,Johannesburg,2000s,https://i.scdn.co/image/ab67616d0000b2731b56f849830ea192d2a03458
Club Controller,Prince Kaybee,Johannesburg/JohannesburgMusic/00s Music/ClubController.mp3,Johannesburg,2000s,https://i.scdn.co/image/ab67616d0000b27339ad5801d9fe6e716349ab1f
Kwela Kwela,Mafikizolo,Johannesburg/JohannesburgMusic/00s Music/KwelaKwela.mp3,Johannesburg,2000s,https://i.scdn.co/image/ab67616d0000b2735722255b630932962dcdf46d
Buya,Black Coffee,Johannesburg/JohannesburgMusic/00s Music/Buya.mp3,Johannesburg,2000s,https://i.scdn.co/image/ab67616d0000b27318a5f4778d36717027432e02
Moving on Up,M People,Johannesburg/JohannesburgMusic/00s Music/MovingOnUp.mp3,Johannesburg,2000s,https://i.scdn.co/image/ab67616d0000b273e82ad9b3f6f1490f24add099
No Limit,2 Unlimited,Johannesburg/JohannesburgMusic/00s Music/NoLimit.mp3,Johannesburg,2000s,https://i.scdn.co/image/ab67616d0000b2739c4e4d6cc6065d732aaa7ba1
Osisi Bendawo,Big Nuz,Johannesburg/JohannesburgMusic/10s Music/OsisiBendawo.mp3,Johannesburg,2010s,https://i.scdn.co/image/ab67616d0000b273f9cbd860d11f97981093621b
Fairytale,Farah,Johannesburg/JohannesburgMusic/10s Music/Fairytale.mp3,Johannesburg,2010s,https://i.scdn.co/image/ab67616d0000b273330373decbbd5d2d4671a98a
In Common,Alicia Keys,Johannesburg/JohannesburgMusic/10s Music/InCommon.mp3,Johannesburg,2010s,https://i.scdn.co/image/ab67616d0000b273771e71884e8cd09f722ec34a
Wish You Were Here,Black Coffee,Johannesburg/JohannesburgMusic/10s Music/WishYouWereHere.mp3,Johannesburg,2010s,https://i.scdn.co/image/ab67616d0000b273a5d9f25d5d86422f85467c4c
My Dali,TNS,Johannesburg/JohannesburgMusic/10s Music/MyDali.mp3,Johannesburg,2010s,https://i.scdn.co/image/ab67616d0000b273e5daad9ad24b4e136c908db8
Sondela,TRESOR,Johannesburg/JohannesburgMusic/10s Music/Sondela.mp3,Johannesburg,2010s,https://i.scdn.co/image/ab67616d0000b273625ee27e5fc92ef6503417b7
Fetch Your Life,Prince Kaybee,Johannesburg/JohannesburgMusic/10s Music/FetchYourLife.mp3,Johannesburg,2010s,https://i.scdn.co/image/ab67616d0000b27339ad5801d9fe6e716349ab1f
Your Eyes,Hart & Neenan,Johannesburg/JohannesburgMusic/10s Music/YourEyes.mp3,Johannesburg,2010s,https://i.scdn.co/image/ab67616d0000b273bb4ae4e6e4d61cea343722d3
Drummotions,Caiiro,Johannesburg/JohannesburgMusic/10s Music/Drummotions.mp3,Johannesburg,2010s,https://i.scdn.co/image/c1837caed462e643ed298818457a67357664bff7
Inde,Heavy-K,Johannesburg/JohannesburgMusic/10s Music/Inde.mp3,Johannesburg,2010s,https://i.scdn.co/image/ab67616d0000b273596b18e59100e0872098f899
Sweet Mother,Prince Nico Mbarga,Lagos/LagosMusic/80s Music/SweetMother.mp3,Lagos,1980s,https://i.scdn.co/image/ab67616d0000b2732ab1a567a4c30a8ae81c7b06
Time Na Money,Mike Okri,Lagos/LagosMusic/80s Music/TimeNaMoney.mp3,Lagos,1980s,https://i.scdn.co/image/ab67616d0000b2733ae2b77f1847c2a479089668
Bang Belly,Blackky,Lagos/LagosMusic/80s Music/BangBelly.mp3,Lagos,1980s,https://i.scdn.co/image/ab67616d0000b2734c841104e2cba5f061764900
Dancing In The Sun,Onyeka Onwenu,Lagos/LagosMusic/80s Music/DancingInTheSun.mp3,Lagos,1980s,https://i.scdn.co/image/ab67616d0000b273dd255e899b0c9825f47c928f
So Long,Majek Fashek,Lagos/LagosMusic/80s Music/SoLong.mp3,Lagos,1980s,https://i.scdn.co/image/ab67616d0000b2737ef249ab5dffecd981a50b09
Wonder Wonder,Femi Kuti,Lagos/LagosMusic/80s Music/WonderWonder.mp3,Lagos,1980s,https://i.scdn.co/image/ab67616d0000b27368361c848aea8da145849539
Fall In Love,D’banj,Lagos/LagosMusic/80s Music/FallInLove.mp3,Lagos,1980s,https://i.scdn.co/image/ab67616d0000b273d27515942a00c5411a483e85
Ririovara (Dry Your Tears),Evi-Edna Ogholi,Lagos/LagosMusic/80s Music/Ririovara.mp3,Lagos,1980s,https://i.scdn.co/image/ab67616d0000b273e4fd3b9d68fbe515a6698e81
Sakomo,Remedies,Lagos/LagosMusic/80s Music/Sakomo.mp3,Lagos,1980s,https://i.scdn.co/image/ab67616d0000b2735f76e3f51d506fae11c0649b
My Sweety My Sugar (Let Me Love You),Bunny Mack,Lagos/LagosMusic/80s Music/MySweetyMySugar.mp3,Lagos,1980s,https://i.scdn.co/image/ab67616d0000b273cb6e2705e3ba9160a7b9981c
Olufunmi,Styl-Plus,Lagos/LagosMusic/90s Music/Olufunmi.mp3,Lagos,1990s,https://i.scdn.co/image/ab67616d0000b27301bf08c17f12986237c6cafb
Ego,Djinee,Lagos/LagosMusic/90s Music/Ego.mp3,Lagos,1990s,https://i.scdn.co/image/ab67616d0000b27313e322b2558624f0b27ae6ca
You Bad,Wande Coal,Lagos/LagosMusic/90s Music/YouBad.mp3,Lagos,1990s,https://i.scdn.co/image/ab67616d0000b273d731f8b48596a99f69006c3d
Kpolongo,Danfo Drivers,Lagos/LagosMusic/90s Music/Kpolongo.mp3,Lagos,1990s,https://i.scdn.co/image/ab67616d0000b2730a500e6bc2fcc7b7ebdf17af
Osondi Owendi,Mc Loph,Lagos/LagosMusic/90s Music/OsondiOwendi.mp3,Lagos,1990s,https://i.scdn.co/image/ab67616d0000b2730aabe47f4210f57954b703d6
Ijoya,Weird MC,Lagos/LagosMusic/90s Music/Ijoya.mp3,Lagos,1990s,https://i.scdn.co/image/ab67616d0000b2731ec85a15f9cda048677805b4
Kukere,Iyanya,Lagos/LagosMusic/90s Music/Kukere.mp3,Lagos,1990s,https://i.scdn.co/image/ab67616d0000b27351971a39b4e72aec80cfdc14
Ara,Brymo,Lagos/LagosMusic/90s Music/Ara.mp3,Lagos,1990s,https://i.scdn.co/image/ab67616d0000b273b737f8db5e5b9dc7513bb464
Kolomental,Faze,Lagos/LagosMusic/90s Music/Kolomental.mp3,Lagos,1990s,https://i.scdn.co/image/ab67616d0000b273188bbd1f00883eeac0f989e5
Oyi,Flavour,Lagos/LagosMusic/90s Music/Oyi.mp3,Lagos,1990s,https://i.scdn.co/image/ab67616d0000b2733c8b5a8edfd2353b7164866e
Ada Ada,Flavour,Lagos/LagosMusic/00s Music/AdaAda.mp3,Lagos,2000s,https://i.scdn.co/image/ab67616d0000b273ff9c6b55a6d487242108ba3f
Personally,P Square,Lagos/LagosMusic/00s Music/Personally.mp3,Lagos,2000s,https://i.scdn.co/image/ab67616d0000b273b7d4be8899f38871f4b9a8c8
Remember Last Night,Kondo,Lagos/LagosMusic/00s Music/RememberLastNight.mp3,Lagos,2000s,https://i.scdn.co/image/ab67616d0000b273372ab361c1c616eecdb97741
African Queen,2Baba,Lagos/LagosMusic/00s Music/AfricanQueen.mp3,Lagos,2000s,https://i.scdn.co/image/ab67616d0000b2737ec378071b2cbe2366dc6fee
See Me So,2Face,Lagos/LagosMusic/00s Music/SeeMeSo.mp3,Lagos,2000s,https://i.scdn.co/image/ab67616d0000b273dcfe0155cf56647b69ee83be
No One Like U,P-Square,Lagos/LagosMusic/00s Music/NoOneLikeU.mp3,Lagos,2000s,https://i.scdn.co/image/ab67616d0000b273de4a2c8f888049d65f2bed0d
We Don’t Care,Audio Bullys,Lagos/LagosMusic/00s Music/WeDontCare.mp3,Lagos,2000s,https://i.scdn.co/image/ab67616d0000b273396ae1f2e35de95304022c93
Kedu America-Greetings From America,Chief Stephen Osita Osadebe,Lagos/LagosMusic/00s Music/KeduAmerica.mp3,Lagos,2000s,https://i.scdn.co/image/ab67616d0000b27303e8225b341c55b2d80660ef
My Dear,Musiliu Haruna Ishola,Lagos/LagosMusic/00s Music/MyDear.mp3,Lagos,2000s,https://i.scdn.co/image/ab67616d0000b2737d8604831edb8a5ae65aea38
Super Afro,Culoe De Song,Lagos/LagosMusic/00s Music/SuperAfro.mp3,Lagos,2000s,https://i.scdn.co/image/ab67616d0000b273fd10450a643e0923715bf8d7
Pasilda,Afro Medusa,Lagos/LagosMusic/10s Music/Pasilda.mp3,Lagos,2010s,https://i.scdn.co/image/ab67616d0000b273408b5b93ea59befa5a1ad6ea
Move,Adam Port,Lagos/LagosMusic/10s Music/Move.mp3,Lagos,2010s,https://i.scdn.co/image/ab67616d0000b273a959d221820e650bee1ca487
Yamore,MoBlack,Lagos/LagosMusic/10s Music/Yamore.mp3,Lagos,2010s,https://i.scdn.co/image/ab67616d0000b27360bca33ff77071ab1b3effce
Jump,Levi,Lagos/LagosMusic/10s Music/Jump.mp3,Lagos,2010s,https://i.scdn.co/image/ab67616d0000b2733aadf15734291497d223718b
Relax My Eyes,ANOTR,Lagos/LagosMusic/10s Music/RelaxMyEyes.mp3,Lagos,2010s,https://i.scdn.co/image/ab67616d0000b273eedb2366a9c2fbb8503c703e
The Rapture Pt.III,&ME,Lagos/LagosMusic/10s Music/TheRapturePtIII.mp3,Lagos,2010s,https://i.scdn.co/image/ab67616d0000b27363f925125a5848c42a5fdf6b
DO 4 LOVE,Snoh Aalegra,Lagos/LagosMusic/10s Music/DO4LOVE.mp3,Lagos,2010s,https://i.scdn.co/image/ab67616d0000b2735b88d11556bafd5c0130edc7
A Fire Inside Of Me,Lucas Dekker,Lagos/LagosMusic/10s Music/AFireInsideOfMe.mp3,Lagos,2010s,https://i.scdn.co/image/ab67616d0000b273eaa0c85efe336c94d86bf532
Kongo,Kolinga,Lagos/LagosMusic/10s Music/Kongo.mp3,Lagos,2010s,https://i.scdn.co/image/ab67616d0000b2733c64c03f138bd2007de59be8
Alegria,ARYMÉ,Lagos/LagosMusic/10s Music/Algeria.mp3,Lagos,2010s,https://i.scdn.co/image/ab67616d0000b273757b3a9a8d1238411f00300a
French Kiss,Lil’ Louis,LosAngeles/LosAngelesMusic/80s Music/FrenchKiss.mp3,Los Angeles,1980s,https://i.scdn.co/image/ab67616d0000b27393dcbae126f6addc73855f24
Voodoo Ray,A Guy Called Gerald,LosAngeles/LosAngelesMusic/80s Music/VoodooRay.mp3,Los Angeles,1980s,https://i.scdn.co/image/ab67616d0000b273776994c13d99c0356b7776fb
Pacific State,808 State,LosAngeles/LosAngelesMusic/80s Music/PacificState.mp3,Los Angeles,1980s,
Jack Your Body,Steve “Silk” Hurley,LosAngeles/LosAngelesMusic/80s Music/JackYourBody.mp3,Los Angeles,1980s,https://i.scdn.co/image/ab67616d0000b273589ffae590367b1f874aff85
Move Your Body,Marshall Jefferson,LosAngeles/LosAngelesMusic/80s Music/MoveYourBody.mp3,Los Angeles,1980s,https://i.scdn.co/image/ab67616d0000b273c3f76f860585366e7a571c2c
Big Fun,Inner City,LosAngeles/LosAngelesMusic/80s Music/BigFun.mp3,Los Angeles,1980s,https://i.scdn.co/image/ab67616d0000b2734573e6f96afc42c80f3ed183
Ride on Time,Black Box,LosAngeles/LosAngelesMusic/80s Music/RideOnTime.mp3,Los Angeles,1980s,https://i.scdn.co/image/ab67616d0000b273ae03a889dd876866982b309a
Show Me Love,Robin S,LosAngeles/LosAngelesMusic/80s Music/ShowMeLove.mp3,Los Angeles,1980s,https://i.scdn.co/image/ab67616d0000b273b4bd024fb05eb2c0ddf6ea61
Strings of Life,Derrick May,LosAngeles/LosAngelesMusic/80s Music/StringsOfLife.mp3,Los Angeles,1980s,https://i.scdn.co/image/ab67616d0000b273246cb75e8266dacef303832d
Rhythm Is a Dancer,SNAP!,LosAngeles/LosAngelesMusic/80s Music/RhythmIsADancer.mp3,Los Angeles,1980s,https://i.scdn.co/image/ab67616d0000b2734c894b7dd6b2939c8c547d3d
One More Time,Daft Punk,LosAngeles/LosAngelesMusic/90s Music/OneMoreTime.mp3,Los Angeles,1990s,https://i.scdn.co/image/ab67616d0000b2736610c21366e613bfd9f5d197
Porcelain,Moby,LosAngeles/LosAngelesMusic/90s Music/Porcelain.mp3,Los Angeles,1990s,https://i.scdn.co/image/ab67616d0000b2735e06f2d278a4e0eeb4890020
Born Slippy (Nuxx),Underworld,LosAngeles/LosAngelesMusic/90s Music/BornSlippy.mp3,Los Angeles,1990s,https://i.scdn.co/image/ab67616d0000b2731e34bdf6792b78c2da36a767
Natural Blues,Moby,LosAngeles/LosAngelesMusic/90s Music/NaturalBlues.mp3,Los Angeles,1990s,https://i.scdn.co/image/ab67616d0000b2735e06f2d278a4e0eeb4890020
Galvanize,The Chemical Brothers,LosAngeles/LosAngelesMusic/90s Music/Galvanize.mp3,Los Angeles,1990s,https://i.scdn.co/image/ab67616d0000b2738e8f975a2b364769040c8169
Out Of Space,The Prodigy,LosAngeles/LosAngelesMusic/90s Music/OutOfSpace.mp3,Los Angeles,1990s,https://i.scdn.co/image/ab67616d0000b2738cd856419c4f5ac9994c64fe
Groove Is in the Heart,Deee-Lite,LosAngeles/LosAngelesMusic/90s Music/GrooveIsInTheHeart.mp3,Los Angeles,1990s,https://i.scdn.co/image/ab67616d0000b273cbcb5083c56df2a557625bca
100% Pure Love,Crystal Waters,LosAngeles/LosAngelesMusic/90s Music/100PercentPureLove.mp3,Los Angeles,1990s,https://i.scdn.co/image/ab67616d0000b273ce50d29ea1deb1fd4fc0830b
Everybody Everybody,Black Box,LosAngeles/LosAngelesMusic/90s Music/EverybodyEverybody.mp3,Los Angeles,1990s,https://i.scdn.co/image/ab67616d0000b273ae03a889dd876866982b309a
Vogue,Madonna,LosAngeles/LosAngelesMusic/90s Music/Vogue.mp3,Los Angeles,1990s,https://i.scdn.co/image/ab67616d0000b2736b44fa8f5415cc4c945117be
"Harder, Better, Faster, Stronger",Daft Punk,LosAngeles/LosAngelesMusic/00s Music/HarderBetterFasterStronger.mp3,Los Angeles,2000s,https://i.scdn.co/image/ab67616d0000b2736610c21366e613bfd9f5d197
Sweet Disposition,The Temper Trap,LosAngeles/LosAngelesMusic/00s Music/SweetDisposition.mp3,Los Angeles,2000s,https://i.scdn.co/image/ab67616d0000b2733ff39c2f14c0088b77af749a
The Weekend,Michael Gray,LosAngeles/LosAngelesMusic/00s Music/TheWeekend.mp3,Los Angeles,2000s,https://i.scdn.co/image/ab67616d0000b2736901b4f4490faaf121cfb64c
Heads Will Roll,Yeah Yeah Yeahs,LosAngeles/LosAngelesMusic/00s Music/HeadsWillRoll.mp3,Los Angeles,2000s,https://i.scdn.co/image/ab67616d0000b273cf43fbba75dbc2d31ceb4730
Bulletproof,La Roux,LosAngeles/LosAngelesMusic/00s Music/Bulletproof.mp3,Los Angeles,2000s,https://i.scdn.co/image/ab67616d0000b27387a7b0bb506cb4416d8f8256
World Hold On,Bob Sinclar,LosAngeles/LosAngelesMusic/00s Music/WorldHoldOn.mp3,Los Angeles,2000s,https://i.scdn.co/image/ab67616d0000b2733dea99d6ea257ee48a112cd8
Tell Me Why,Supermode,LosAngeles/LosAngelesMusic/00s Music/TellMeWhy.mp3,Los Angeles,2000s,https://i.scdn.co/image/ab67616d0000b273010a5f4abb5bc82685e30137
Let Me Think About It,Ida Corr,LosAngeles/LosAngelesMusic/00s Music/LetMeThinkAboutIt.mp3,Los Angeles,2000s,https://i.scdn.co/image/ab67616d0000b273568636ad464813b16a94292a
My My My,Armand Van Helden,LosAngeles/LosAngelesMusic/00s Music/MyMyMy.mp3,Los Angeles,2000s,https://i.scdn.co/image/ab67616d0000b2731373e40983ac85018eb42671
Memories,David Guetta,LosAngeles/LosAngelesMusic/00s Music/Memories.mp3,Los Angeles,2000s,https://i.scdn.co/image/ab67616d0000b273b2e43ed3850e072831f7b2c6
Chunky,Format:B,LosAngeles/LosAngelesMusic/10s Music/Chunky.mp3,Los Angeles,2010s,https://i.scdn.co/image/ab67616d0000b273cce1d216cf5d96a7fd6fdf37
Spectrum,Zedd,LosAngeles/LosAngelesMusic/10s Music/Spectrum.mp3,Los Angeles,2010s,https://i.scdn.co/image/ab67616d0000b273941dd3b3343d9cb9329d37bf
Talk To Me You’ll Understand,Ross from Friends,LosAngeles/LosAngelesMusic/10s Music/TalkToMe.mp3,Los Angeles,2010s,https://i.scdn.co/image/ab67616d0000b273088d99c85e6de4f30b39679c
Bounce,Calvin Harris,LosAngeles/LosAngelesMusic/10s Music/Bounce.mp3,Los Angeles,2010s,https://i.scdn.co/image/ab67616d0000b273dcef905cb144d4867119850b
Techno Disco Tool,Mella Dee,LosAngeles/LosAngelesMusic/10s Music/TechnoDiscoTool.mp3,Los Angeles,2010s,https://i.scdn.co/image/ab67616d0000b273cd0ce7a47c9f8d53a458349d
Go Bang,PNAU,LosAngeles/LosAngelesMusic/10s Music/GoBang.mp3,Los Angeles,2010s,https://i.scdn.co/image/ab67616d0000b273eb338002c9bc54b909a4fbf4
Vision,Palace,LosAngeles/LosAngelesMusic/10s Music/Vision.mp3,Los Angeles,2010s,https://i.scdn.co/image/ab67616d0000b2733bd07a8e81cf06f132f07f42
My Love,"Route 94, Jess Glynne",LosAngeles/LosAngelesMusic/10s Music/MyLove.mp3,Los Angeles,2010s,https://i.scdn.co/image/ab67616d0000b273229b511799188e23773629f0
The Days,Chrystal,LosAngeles/LosAngelesMusic/10s Music/TheDays.mp3,Los Angeles,2010s,https://i.scdn.co/image/ab67616d0000b2739041b9965925059507fb44af
So Hooked On Your Lovin,Selace,LosAngeles/LosAngelesMusic/10s Music/SoHookedOnYourLovin.mp3,Los Angeles,2010s,https://i.scdn.co/image/ab67616d0000b273426528fb0450048c0923bb9d
I’ll House You,Jungle Brothers,NewYork/NewYorkMusic/80s Music/IllHouseYou.mp3,New York,1980s,https://i.scdn.co/image/ab67616d0000b273af7d50dbfd861e5359d8bb68
Moody,ESG,NewYork/NewYorkMusic/80s Music/Moody.mp3,New York,1980s,https://i.scdn.co/image/ab67616d0000b273e83cba8f44899558ea5a0501
Devotion,Ten City,NewYork/NewYorkMusic/80s Music/Devotion.mp3,New York,1980s,https://i.scdn.co/image/ab67616d0000b2730b69a1a1e9e6c46eff17305a
Bango (To the Batmobile),The Todd Terry Project,NewYork/NewYorkMusic/80s Music/BangoToTheBatmobile.mp3,New York,1980s,https://i.scdn.co/image/ab67616d0000b27365b09385e1c87c53f092ab93
Deep In Vogue,Malcolm McLaren,NewYork/NewYorkMusic/80s Music/DeepInVogue.mp3,New York,1980s,https://i.scdn.co/image/ab67616d0000b2732be629f8adb30ea4ac54b9f1
Can You Party,Royal House,NewYork/NewYorkMusic/80s Music/CanYouParty.mp3,New York,1980s,https://i.scdn.co/image/ab67616d0000b273712503d6736d7ae3daa9b0aa
Come into My House,Queen Latifah,NewYork/NewYorkMusic/80s Music/ComeIntoMyHouse.mp3,New York,1980s,https://i.scdn.co/image/ab67616d0000b273683be10830a0928ba6c58aee
You Used to Hold Me,Ralphi Rosario,NewYork/NewYorkMusic/80s Music/YouUsedToHoldMe.mp3,New York,1980s,https://i.scdn.co/image/ab67616d0000b273b049977c4929cab5951c0ff4
Notice Me,Sandee,NewYork/NewYorkMusic/80s Music/NoticeMe.mp3,New York,1980s,https://i.scdn.co/image/ab67616d0000b27378b39619b61af8e6589c0ec8
Reachin’,Phase II,NewYork/NewYorkMusic/80s Music/Reachin.mp3,New York,1980s,https://i.scdn.co/image/ab67616d0000b2732a562a3a53396c6315cef266
Can You Feel It,Mr. Fingers,NewYork/NewYorkMusic/90s Music/CanYouFeelIt.mp3,New York,1990s,https://i.scdn.co/image/ab67616d0000b2739568c6b3c059127cca642b4b
French Kiss,Lil’ Louis,NewYork/NewYorkMusic/90s Music/FrenchKiss.mp3,New York,1990s,https://i.scdn.co/image/ab67616d0000b27393dcbae126f6addc73855f24
Deep Inside,Hardrive,NewYork/NewYorkMusic/90s Music/DeepInside.mp3,New York,1990s,https://i.scdn.co/image/ab67616d0000b273a7fd1645b6766dab7c2e1cf0
"It’s Alright, I Feel It",Nuyorican Soul,NewYork/NewYorkMusic/90s Music/ItsAlrightIFeelIt.mp3,New York,1990s,https://i.scdn.co/image/ab67616d0000b273dfd2a2bd4955fd8c4591f9f8
Tears,Frankie Knuckles,NewYork/NewYorkMusic/90s Music/Tears.mp3,New York,1990s,https://i.scdn.co/image/ab67616d0000b273b4a6525d545880c2a930f7c8
Promised Land,Joe Smooth,NewYork/NewYorkMusic/90s Music/PromisedLand.mp3,New York,1990s,https://i.scdn.co/image/ab67616d0000b273112c97d1fbd954282943ccb2
APT.3A,N.Y. House’n Authority,NewYork/NewYorkMusic/90s Music/APT3A.mp3,New York,1990s,https://i.scdn.co/image/ab67616d0000b2737d74c0dba058e18458fd3bff
Let’s Go,Fast Eddie,NewYork/NewYorkMusic/90s Music/LetsGo.mp3,New York,1990s,https://i.scdn.co/image/ab67616d0000b273e5baaa593d6304c7d4189195
Music Is the Answer,Colonel Abrams,NewYork/NewYorkMusic/90s Music/MusicIsTheAnswer.mp3,New York,1990s,https://i.scdn.co/image/ab67616d0000b27300ad13dd270c838ab4c2c453
Angel Eyes,Lime,NewYork/NewYorkMusic/90s Music/AngelEyes.mp3,New York,1990s,https://i.scdn.co/image/ab67616d0000b273683cb028c1c1d08845ac8b3d
Hello,Martin Solveig,NewYork/NewYorkMusic/00s Music/Hello.mp3,New York,2000s,https://i.scdn.co/image/ab67616d0000b2732ab64fd86c12f2ba7df9c446
Blind,Hercules & Love Affair,NewYork/NewYorkMusic/00s Music/Blind.mp3,New York,2000s,https://i.scdn.co/image/ab67616d0000b273f155d1c166b86fd0d5a78895
Feelin’ Hypnotized,Colette,NewYork/NewYorkMusic/00s Music/FeelinHypnotized.mp3,New York,2000s,https://i.scdn.co/image/ab67616d0000b2734f392ff514028dcdedcb995c
Only in New York,Demon Ritchie,NewYork/NewYorkMusic/00s Music/OnlyInNewYork.mp3,New York,2000s,https://i.scdn.co/image/ab67616d0000b27334c477434b84371d3ee87752
A Day in the Life,Black Riot,NewYork/NewYorkMusic/00s Music/ADayInTheLife.mp3,New York,2000s,https://i.scdn.co/image/ab67616d0000b2731a32539bf63917b0baf130bb
Cross the Dancefloor,Treasure Fingers,NewYork/NewYorkMusic/00s Music/CrossTheDancefloor.mp3,New York,2000s,https://i.scdn.co/image/ab67616d0000b2730a10169fe2327c35bb902107
Party People,Todd Terry,NewYork/NewYorkMusic/00s Music/PartyPeople.mp3,New York,2000s,https://i.scdn.co/image/ab67616d0000b2730fc9f0d5cafdb0322e4ed076
Wednesday Night People,Moodymann,NewYork/NewYorkMusic/00s Music/WednesdayNightPeople.mp3,New York,2000s,https://i.scdn.co/image/ab67616d0000b273acdc6c8b134d4528937c4565
Frank Sinatra 2001,Miss Kittin,NewYork/NewYorkMusic/00s Music/FrankSinatra2001.mp3,New York,2000s,https://i.scdn.co/image/ab67616d0000b273283816efe2347c5fa0a9316b
New York House,Jellybean,NewYork/NewYorkMusic/00s Music/NewYorkHouse.mp3,New York,2000s,https://i.scdn.co/image/ab67616d0000b273d48c8eb58e85671537ea8291
New York Is Alright,TV Baby,NewYork/NewYorkMusic/10s Music/NewYorkIsAlright.mp3,New York,2010s,https://i.scdn.co/image/ab67616d0000b273d88802f2e7e62188888040a3
The Ghetto,Donny Hathaway,NewYork/NewYorkMusic/10s Music/TheGhetto.mp3,New York,2010s,https://i.scdn.co/image/ab67616d0000b273d58852e49908da22a68f1913
The Warning,Logic,NewYork/NewYorkMusic/10s Music/TheWarning.mp3,New York,2010s,https://i.scdn.co/image/ab67616d0000b273dfe82ac78955d2a93a683894
The Cure & The Cause,Fish Go Deep,NewYork/NewYorkMusic/10s Music/TheCureAndTheCause.mp3,New York,2010s,https://i.scdn.co/image/ab67616d0000b2739818bc04da448aa77ffcc040
Can’t Stop,Kings Of Tomorrow,NewYork/NewYorkMusic/10s Music/CantStop.mp3,New York,2010s,https://i.scdn.co/image/ab67616d0000b273a178db2e3d1f811bd279dc06
NYC Beat,Armand Van Helden,NewYork/NewYorkMusic/10s Music/NYCBeat.mp3,New York,2010s,https://i.scdn.co/image/ab67616d0000b27385027eefb81d259e6bcb101c
The Renegade,Friend Within,NewYork/NewYorkMusic/10s Music/TheRenegade.mp3,New York,2010s,https://i.scdn.co/image/ab67616d0000b273a3cdca0d1ad4bb2ed72fcc7d
It’s Yours,Jon Cutler,NewYork/NewYorkMusic/10s Music/ItsYours.mp3,New York,2010s,https://i.scdn.co/image/ab67616d0000b2737207c0f646138badf26a9a10
To Be In Love,Masters At Work,NewYork/NewYorkMusic/10s Music/ToBeInLove.mp3,New York,2010s,https://i.scdn.co/image/ab67616d0000b273e4ca54953bfe1b27726555dc
Sunday Shoutin’,Johnny Corporate,NewYork/NewYorkMusic/10s Music/SundayShoutin.mp3,New York,2010s,https://i.scdn.co/image/ab67616d0000b273b4b9ebf48ad6d22aaec381ae
Mourir sur scène,Dalida,Paris/ParisMusic/80s Music/MourirSurScene.mp3,Paris,1980s,https://i.scdn.co/image/ab67616d0000b2739ddae8c840cccd1424986038
Paris Latino,Bandolero,Paris/ParisMusic/80s Music/ParisLatino.mp3,Paris,1980s,https://i.scdn.co/image/ab67616d0000b273a9d768c1117bc71b3a85dd9a
Deep in Vogue,Malcolm McLaren,Paris/ParisMusic/80s Music/DeepInVogue.mp3,Paris,1980s,https://i.scdn.co/image/ab67616d0000b2732be629f8adb30ea4ac54b9f1
She Can’t Love You,Chemise,Paris/ParisMusic/80s Music/SheCantLoveYou.mp3,Paris,1980s,https://i.scdn.co/image/ab67616d0000b273585f7468e46aad378d9e7737
Talkin’ All That Jazz,Stetsasonic,Paris/ParisMusic/80s Music/TalkinAllThatJazz.mp3,Paris,1980s,https://i.scdn.co/image/ab67616d0000b273947b2df58bb53f8c4334ccca
Ride on Time,Black Box,Paris/ParisMusic/80s Music/RideOnTime.mp3,Paris,1980s,https://i.scdn.co/image/ab67616d0000b273ae03a889dd876866982b309a
Paradis,Alain Chamfort,Paris/ParisMusic/80s Music/Paradis.mp3,Paris,1980s,https://i.scdn.co/image/ab67616d0000b273f06cf53346516b2de1daa10c
Is It All over My Face?,Loose Joints,Paris/ParisMusic/80s Music/IsItAllOverMyFace.mp3,Paris,1980s,https://i.scdn.co/image/ab67616d0000b2737990b1dc480973cd80fc2fe1
A.I.E.,La Compagnie Créole,Paris/ParisMusic/80s Music/AIE.mp3,Paris,1980s,https://i.scdn.co/image/ab67616d0000b2736e048e8219a62e252e1f96d6
Smalltown Boy (Arnaud Rebotini Remix),Bronski Beat,Paris/ParisMusic/80s Music/SmalltownBoyRemix.mp3,Paris,1980s,https://i.scdn.co/image/ab67616d0000b273e882f95f8f08097c3a2364d4
Feeling for You,Cassius,Paris/ParisMusic/90s Music/FeelingForYou.mp3,Paris,1990s,https://i.scdn.co/image/ab67616d0000b2731d86f0dd2c46c5d75cf07bdd
Pasilda,Afro Medusa,Paris/ParisMusic/90s Music/Pasilda.mp3,Paris,1990s,https://i.scdn.co/image/ab67616d0000b273408b5b93ea59befa5a1ad6ea
The Bomb (These Sounds Fall Into My Mind),The Bucketheads,Paris/ParisMusic/90s Music/TheBomb.mp3,Paris,1990s,https://i.scdn.co/image/ab67616d0000b273dd780c69b28003b2cf591e4a
Get Get Down,Paul Johnson,Paris/ParisMusic/90s Music/GetGetDown.mp3,Paris,1990s,https://i.scdn.co/image/ab67616d0000b273d12e8bbbfcb640f0321c9b6b
Push The Feeling On,Nightcrawlers,Paris/ParisMusic/90s Music/PushTheFeelingOn.mp3,Paris,1990s,https://i.scdn.co/image/ab67616d0000b2733b1e6a6f5aa7c01b433779fe
Now or Never,Tom Novy,Paris/ParisMusic/90s Music/NowOrNever.mp3,Paris,1990s,https://i.scdn.co/image/ab67616d0000b273c872438e668fa6d9e84dba6a
Lucky Star,Superfunk,Paris/ParisMusic/90s Music/LuckyStar.mp3,Paris,1990s,https://i.scdn.co/image/ab67616d0000b27360521f66c9c82a4ff92f31a0
You Are My High,Demon,Paris/ParisMusic/90s Music/YouAreMyHigh.mp3,Paris,1990s,https://i.scdn.co/image/ab67616d0000b27382d05c17550c2fcfbc208e5a
Prix choc,Étienne de Crécy,Paris/ParisMusic/90s Music/PrixChoc.mp3,Paris,1990s,https://i.scdn.co/image/ab67616d0000b2739c3fe219958d436d0f82c01f
It’s a Rainy Day,Ice Mc,Paris/ParisMusic/90s Music/ItsARainyDay.mp3,Paris,1990s,https://i.scdn.co/image/ab67616d0000b273d57a0c3e3023c3e05d061960
D.A.N.C.E,Justice,Paris/ParisMusic/00s Music/DANCE.mp3,Paris,2000s,https://i.scdn.co/image/ab67616d0000b2731c0bcf8b536295438d26c70d
Veridis Quo,Daft Punk,Paris/ParisMusic/00s Music/VeridisQuo.mp3,Paris,2000s,https://i.scdn.co/image/ab67616d0000b2736610c21366e613bfd9f5d197
Acknowledgement,Modjo,Paris/ParisMusic/00s Music/Acknowledgement.mp3,Paris,2000s,https://i.scdn.co/image/ab67616d0000b27354c5c304064df85d61253ac7
Toop Toop,Cassius,Paris/ParisMusic/00s Music/ToopToop.mp3,Paris,2000s,https://i.scdn.co/image/ab67616d0000b27324ee286d8ebcaf83d4b899ab
Glamour Girl,Louie Austen,Paris/ParisMusic/00s Music/GlamourGirl.mp3,Paris,2000s,https://i.scdn.co/image/ab67616d0000b273b976de5996d907766b5e6476
Frank Sinatra 2001,Miss Kittin,Paris/ParisMusic/00s Music/FrankSinatra2001.mp3,Paris,2000s,https://i.scdn.co/image/ab67616d0000b273283816efe2347c5fa0a9316b
Boogie No More,Richard Dorfmeister,Paris/ParisMusic/00s Music/BoogieNoMore.mp3,Paris,2000s,https://i.scdn.co/image/ab67616d0000b27395847075da670f24eab9dacf
Poison Lips,Vitalic,Paris/ParisMusic/00s Music/PoisonLips.mp3,Paris,2000s,https://i.scdn.co/image/ab67616d0000b273264a85af14c87b868bbd2921
A New Error,Moderat,Paris/ParisMusic/00s Music/ANewError.mp3,Paris,2000s,https://i.scdn.co/image/ab67616d0000b27327ce0e73b9cf23e8e22ebfe4
Pocket Piano,DJ Mehdi,Paris/ParisMusic/00s Music/PocketPiano.mp3,Paris,2000s,https://i.scdn.co/image/ab67616d0000b273b69f35374d02e724ccb6525d
Lovin’ Feeling,French 79,Paris/ParisMusic/10s Music/LovinFeeling.mp3,Paris,2010s,https://i.scdn.co/image/ab67616d0000b2732cda1a639cd6e26ccfc0773b
Paris City Jazz,Bellaire,Paris/ParisMusic/10s Music/ParisCityJazz.mp3,Paris,2010s,https://i.scdn.co/image/ab67616d0000b2732ec0df7877422d06b43739f2
SHE,The Blaze,Paris/ParisMusic/10s Music/SHE.mp3,Paris,2010s,https://i.scdn.co/image/ab67616d0000b27305181d6288f118719b8458cd
Feel Your Weight,Rhye,Paris/ParisMusic/10s Music/FeelYourWeight.mp3,Paris,2010s,https://i.scdn.co/image/ab67616d0000b273d266d98f5f9a0ba1fd1aeac1
Kongo,Kolinga,Paris/ParisMusic/10s Music/Kongo.mp3,Paris,2010s,https://i.scdn.co/image/ab67616d0000b2733c64c03f138bd2007de59be8
Paradis bleu,Revers Gagnant,Paris/ParisMusic/10s Music/ParadisBleu.mp3,Paris,2010s,https://i.scdn.co/image/ab67616d0000b273b19d5c7fe399a050e2e9378b
Alors on Danse,Stromae,Paris/ParisMusic/10s Music/AlorsOnDanse.mp3,Paris,2010s,https://i.scdn.co/image/ab67616d0000b273ae373174b14e3eac81554402
Hot Hands,Darius,Paris/ParisMusic/10s Music/HotHands.mp3,Paris,2010s,https://i.scdn.co/image/ab67616d0000b273f5c584384450e0e01356a9ac
Toi Et Moi,Paradis,Paris/ParisMusic/10s Music/ToiEtMoi.mp3,Paris,2010s,https://i.scdn.co/image/ab67616d0000b2731c8a8c45fe4eeb0b21f461a1
Be Mine,Ofenbach,Paris/ParisMusic/10s Music/BeMine.mp3,Paris,2010s,https://i.scdn.co/image/ab67616d0000b273e819b286432a124e510dc87b
I’ll House You,Jungle Brothers,Rio/RioMusic/80s Music/IllHouseYou.mp3,Rio De Janeiro,1980s,https://i.scdn.co/image/ab67616d0000b273af7d50dbfd861e5359d8bb68
Estrelar,Marcos Valle,Rio/RioMusic/80s Music/Estrelar.mp3,Rio De Janeiro,1980s,https://i.scdn.co/image/ab67616d0000b273580d01637ff3bb5f27206d41
Do You Wanna Dance,Bad Boy Orchestra,Rio/RioMusic/80s Music/DoYouWannaDance.mp3,Rio De Janeiro,1980s,https://i.scdn.co/image/ab67616d0000b2735e05136bd23ba2e6dee12502
Mas Que Nada,Luis Gonzales Compania,Rio/RioMusic/80s Music/MasQueNada.mp3,Rio De Janeiro,1980s,https://i.scdn.co/image/ab67616d0000b273408454aa1706b6da946e6a11
Hungry For Your Love,Hanson & Davis,Rio/RioMusic/80s Music/HungryForYourLove.mp3,Rio De Janeiro,1980s,https://i.scdn.co/image/ab67616d0000b273604000b0da8951dd936263e9
Dreamin’,Will To Power,Rio/RioMusic/80s Music/Dreamin.mp3,Rio De Janeiro,1980s,https://i.scdn.co/image/ab67616d0000b273ddf86d265a98a19df55ed27e
Virgencita,Johnny Pacheco,Rio/RioMusic/80s Music/Virgencita.mp3,Rio De Janeiro,1980s,https://i.scdn.co/image/ab67616d0000b27359a03f8061c9deecf1fae38a
Parapapapapa,La Banda Musica,Rio/RioMusic/80s Music/Parapapapapa.mp3,Rio De Janeiro,1980s,https://i.scdn.co/image/ab67616d0000b273483a8c97f16f4e134ca5820a
Azul,Gal Costa,Rio/RioMusic/80s Music/Azul.mp3,Rio De Janeiro,1980s,https://i.scdn.co/image/ab67616d0000b27326b451720e2bed283f0c63da
Al - Naafyish,Hashim,Rio/RioMusic/80s Music/AlNaafyish.mp3,Rio De Janeiro,1980s,https://i.scdn.co/image/ab67616d0000b2733eae8a3a7c1500c5893d9ac6
Quien Tu Te Crees?,BCN Orchestra,Rio/RioMusic/90s Music/QuienTuTeCrees.mp3,Rio De Janeiro,1990s,https://i.scdn.co/image/ab67616d0000b273a2e337d95500fd6abe155085
Pasilda,Afro Medusa,Rio/RioMusic/90s Music/Pasilda.mp3,Rio De Janeiro,1990s,https://i.scdn.co/image/ab67616d0000b273408b5b93ea59befa5a1ad6ea
Tiburon,Proyecto Uno,Rio/RioMusic/90s Music/Tiburon.mp3,Rio De Janeiro,1990s,https://i.scdn.co/image/e4580087ec3930f22f981a7798883de1ccea18a7
Samba de Janeiro,Bellini,Rio/RioMusic/90s Music/SambaDeJaneiro.mp3,Rio De Janeiro,1990s,https://i.scdn.co/image/ab67616d0000b27315cfd8f433616f3a7677fb93
Robi-Rob’s Boriqua Anthem,El General,Rio/RioMusic/90s Music/RobiRobsBoriquaAnthem.mp3,Rio De Janeiro,1990s,https://i.scdn.co/image/ab67616d0000b2738546b9c9e7d410a92d66eff0
Esa Morena,Dj Laz,Rio/RioMusic/90s Music/EsaMorena.mp3,Rio De Janeiro,1990s,https://i.scdn.co/image/ab67616d0000b273f0f85e4871842b954b3bc5d2
Tumba La Casa,Sancocho,Rio/RioMusic/90s Music/TumbaLaCasa.mp3,Rio De Janeiro,1990s,https://i.scdn.co/image/ab67616d0000b273b3ab9c096d46783d4272cdec
Do You Miss Me,Jocelyn Enriquez,Rio/RioMusic/90s Music/DoYouMissMe.mp3,Rio De Janeiro,1990s,https://i.scdn.co/image/ab67616d0000b2737712ea6708a1d83aa745493d
El Trago,2 In A Room,Rio/RioMusic/90s Music/ElTrago.mp3,Rio De Janeiro,1990s,https://i.scdn.co/image/ab67616d0000b2737d1e204bda12d6f2ad626303
Boom Boom Boom,The Outhere Brothers,Rio/RioMusic/90s Music/BoomBoomBoom.mp3,Rio De Janeiro,1990s,https://i.scdn.co/image/ab67616d0000b2734f968eea3a93c570e2e24575
Release Me,Angelina,Rio/RioMusic/00s Music/ReleaseMe.mp3,Rio De Janeiro,2000s,https://i.scdn.co/image/ab67616d0000b2731478888ededc0137f481fd3f
Latinos,Proyecto Uno,Rio/RioMusic/00s Music/Latinos.mp3,Rio De Janeiro,2000s,https://i.scdn.co/image/ab67616d0000b2730d65f3007ef5aeb8bf832f4e
The Bomb!,The Bucketheads,Rio/RioMusic/00s Music/TheBomb.mp3,Rio De Janeiro,2000s,https://i.scdn.co/image/ab67616d0000b273bb81dd33f0ff931280c8f27c
Mami El Negro,Dj Laz,Rio/RioMusic/00s Music/MamiElNegro.mp3,Rio De Janeiro,2000s,https://i.scdn.co/image/ab67616d0000b273c2b41b7e925fd869e8abf974
La Novela,Fulanito,Rio/RioMusic/00s Music/LaNovela.mp3,Rio De Janeiro,2000s,https://i.scdn.co/image/ab67616d0000b2731fdb680c2dc31bf80e9c34e9
Set U Free,Planet Soul,Rio/RioMusic/00s Music/SetUFree.mp3,Rio De Janeiro,2000s,https://i.scdn.co/image/ab67616d0000b27320609d2bd13779f06576f753
Wiggle It,2 In A Room,Rio/RioMusic/00s Music/WiggleIt.mp3,Rio De Janeiro,2000s,https://i.scdn.co/image/ab67616d0000b2732fe229ebc15e1c80e61166ac
Short Short Man,Gillette,Rio/RioMusic/00s Music/ShortShortMan.mp3,Rio De Janeiro,2000s,https://i.scdn.co/image/ab67616d0000b2735411affaa424e082e17d5ddd
No Senor,Johnny Z,Rio/RioMusic/00s Music/NoSenor.mp3,Rio De Janeiro,2000s,
Agua,DJ Lynnwood,Rio/RioMusic/00s Music/Agua.mp3,Rio De Janeiro,2000s,https://i.scdn.co/image/ab67616d0000b2730de4460aaffc0c74bb8b15f6
I Don’t Need Your Love,Angelina,Rio/RioMusic/10s Music/IDontNeedYourLove.mp3,Rio De Janeiro,2010s,https://i.scdn.co/image/ab67616d0000b2731478888ededc0137f481fd3f
La Mezcla,Michel Cleis,Rio/RioMusic/10s Music/LaMezcla.mp3,Rio De Janeiro,2010s,https://i.scdn.co/image/ab67616d0000b27323954f5314cc81f5d1bc11b9
"Whatz Up, Whatz Up",Playa Poncho,Rio/RioMusic/10s Music/WhatzUpWhatzUp.mp3,Rio De Janeiro,2010s,https://i.scdn.co/image/ab67616d0000b2731a0a3d7e1a0d8c4c5b56276d
Headbangers,DJ Trajic,Rio/RioMusic/10s Music/Headbangers.mp3,Rio De Janeiro,2010s,https://i.scdn.co/image/ab67616d0000b2731c1e11c53192f115e7a79250
In De Ghetto,David Morales,Rio/RioMusic/10s Music/InDeGhetto.mp3,Rio De Janeiro,2010s,https://i.scdn.co/image/ab67616d0000b273a6c27997d917e7003a4a97da
Latin Swing,Johnny Z,Rio/RioMusic/10s Music/LatinSwing.mp3,Rio De Janeiro,2010s,
Muevelo,El General,Rio/RioMusic/10s Music/Muevelo.mp3,Rio De Janeiro,2010s,https://i.scdn.co/image/ab67616d0000b273a908ed6eeeb286b8775a1724
Guallando,Fulanito,Rio/RioMusic/10s Music/Guallando.mp3,Rio De Janeiro,2010s,https://i.scdn.co/image/ab67616d0000b2731fdb680c2dc31bf80e9c34e9
Cada Vez,Negrocan,Rio/RioMusic/10s Music/CadaVez.mp3,Rio De Janeiro,2010s,https://i.scdn.co/image/ab67616d0000b273ace42bee48a5280ccb3b8f15
Boriqua Posse,Rare Arts,Rio/RioMusic/10s Music/BoriquaPosse.mp3,Rio De Janeiro,2010s,https://i.scdn.co/image/ab67616d0000b2734288b3c6ad3965da450f753d
Funky Guitar,Tc 1992,Stockholm/StockholmMusic/80s Music/FunkyGuitar.mp3,Stockholm,1980s,https://i.scdn.co/image/ab67616d0000b273c64fe614f39977a3c40304f5
Dirty Cash (Money Talks),The Adventures Of Stevie V,Stockholm/StockholmMusic/80s Music/DirtyCash.mp3,Stockholm,1980s,https://i.scdn.co/image/ab67616d0000b2735893643e11d44e3ef569479c
Is It All over My Face?,Loose Joints,Stockholm/StockholmMusic/80s Music/IsItAllOverMyFace.mp3,Stockholm,1980s,https://i.scdn.co/image/ab67616d0000b2737990b1dc480973cd80fc2fe1
Respect,Adeva,Stockholm/StockholmMusic/80s Music/Respect.mp3,Stockholm,1980s,https://i.scdn.co/image/ab67616d0000b27307710964fb49028c13b45f9a
Talkin’ All That Jazz,Stetsasonic,Stockholm/StockholmMusic/80s Music/TalkinAllThatJazz.mp3,Stockholm,1980s,https://i.scdn.co/image/ab67616d0000b273947b2df58bb53f8c4334ccca
Deep In Vogue,Malcolm McLaren,Stockholm/StockholmMusic/80s Music/DeepInVogue.mp3,Stockholm,1980s,https://i.scdn.co/image/ab67616d0000b2732be629f8adb30ea4ac54b9f1
Love Injection,Trussel,Stockholm/StockholmMusic/80s Music/LoveInjection.mp3,Stockholm,1980s,https://i.scdn.co/image/ab67616d0000b2737c9958194b676ea08466061f
Pull Up To The Bumper,Grace Jones,Stockholm/StockholmMusic/80s Music/PullUpToTheBumper.mp3,Stockholm,1980s,https://i.scdn.co/image/ab67616d0000b27375a8b4d86fb3a88401b38282
I Found Love In You,Rhyze,Stockholm/StockholmMusic/80s Music/IFoundLoveInYou.mp3,Stockholm,1980s,https://i.scdn.co/image/ab67616d0000b27304c96dff439e7d8f6c2d4a3f
Sweet Dreams (Are Made Of This),Eurythmics,Stockholm/StockholmMusic/80s Music/SweetDreams.mp3,Stockholm,1980s,https://i.scdn.co/image/ab67616d0000b273b3994c94dfb241923664bb4d
Let the Beat Go On,Dr. Alban,Stockholm/StockholmMusic/90s Music/LetTheBeatGoOn.mp3,Stockholm,1990s,https://i.scdn.co/image/ab67616d0000b273f387383b763114c709b8a84c
Clubhopping,Rob n Raz,Stockholm/StockholmMusic/90s Music/Clubhopping.mp3,Stockholm,1990s,https://i.scdn.co/image/ab67616d0000b273a09151188bdc41cd3a907337
Mutoid Waste,Magoria,Stockholm/StockholmMusic/90s Music/MutoidWaste.mp3,Stockholm,1990s,https://i.scdn.co/image/ab67616d0000b27369c55cbd61a97ab4b84ddb71
100% Pure Love,Crystal Waters,Stockholm/StockholmMusic/90s Music/100PercentPureLove.mp3,Stockholm,1990s,https://i.scdn.co/image/ab67616d0000b273ce50d29ea1deb1fd4fc0830b
Would I Lie to You,Adie,Stockholm/StockholmMusic/90s Music/WouldILieToYou.mp3,Stockholm,1990s,https://i.scdn.co/image/ab67616d0000b2739cbeee278485da15900568b0
Magic O,Terrace,Stockholm/StockholmMusic/90s Music/MagicO.mp3,Stockholm,1990s,https://i.scdn.co/image/ab67616d0000b27332a126420e5089e8dcde8920
AmokK,666,Stockholm/StockholmMusic/90s Music/AmokK.mp3,Stockholm,1990s,https://i.scdn.co/image/ab67616d0000b273a418644e86cf5bf54d475346
Straight Up,Colonel Abrams,Stockholm/StockholmMusic/90s Music/StraightUp.mp3,Stockholm,1990s,https://i.scdn.co/image/ab67616d0000b2736880284dcd6577a39366ed21
Be My Lover,La Bouche,Stockholm/StockholmMusic/90s Music/BeMyLover.mp3,Stockholm,1990s,https://i.scdn.co/image/ab67616d0000b273938bdd1b09723e2531cd8687
Melodic Dreams,Arj Snoek,Stockholm/StockholmMusic/90s Music/MelodicDreams.mp3,Stockholm,1990s,https://i.scdn.co/image/ab67616d0000b27350685beb5c97744cc9b400bf
Tell Me Why,Supermode,Stockholm/StockholmMusic/00s Music/TellMeWhy.mp3,Stockholm,2000s,https://i.scdn.co/image/ab67616d0000b273010a5f4abb5bc82685e30137
Hello,Martin Solveig,Stockholm/StockholmMusic/00s Music/Hello.mp3,Stockholm,2000s,https://i.scdn.co/image/ab67616d0000b2732ab64fd86c12f2ba7df9c446
Call On Me,Eric Prydz,Stockholm/StockholmMusic/00s Music/CallOnMe.mp3,Stockholm,2000s,https://i.scdn.co/image/ab67616d0000b273d93502bd55966aa4683d3add
You Don’t Know Me,Jax Jones,Stockholm/StockholmMusic/00s Music/YouDontKnowMe.mp3,Stockholm,2000s,https://i.scdn.co/image/ab67616d0000b273bb3c162ddba09bfba12199ea
Little Bit,Lykke Li,Stockholm/StockholmMusic/00s Music/LittleBit.mp3,Stockholm,2000s,https://i.scdn.co/image/ab67616d0000b27354ef13c30a024a7f1ba79efd
Feel It In My Bones,Tiësto,Stockholm/StockholmMusic/00s Music/FeelItInMyBones.mp3,Stockholm,2000s,https://i.scdn.co/image/ab67616d0000b273151e8d6d039cc0e45960abd7
Enjoy It Now,Tortured Soul,Stockholm/StockholmMusic/00s Music/EnjoyItNow.mp3,Stockholm,2000s,https://i.scdn.co/image/ab67616d0000b273a5f12cb334b19b422cae5485
Desire,Morris,Stockholm/StockholmMusic/00s Music/Desire.mp3,Stockholm,2000s,https://i.scdn.co/image/ab67616d0000b273c1972bc2266a9320a3c57d64
Pjanoo,Eric Prydz,Stockholm/StockholmMusic/00s Music/Pjanoo.mp3,Stockholm,2000s,https://i.scdn.co/image/ab67616d0000b2731b8a99de784b96348bbb7c27
Baby When the Light,David Guetta,Stockholm/StockholmMusic/00s Music/BabyWhenTheLight.mp3,Stockholm,2000s,https://i.scdn.co/image/ab67616d0000b2738d8aeb06bc64c6b1c7b5b485
Lovin’ Feeling,French 79,Stockholm/StockholmMusic/10s Music/LovinFeeling.mp3,Stockholm,2010s,https://i.scdn.co/image/ab67616d0000b2732cda1a639cd6e26ccfc0773b
Glue,BICEP,Stockholm/StockholmMusic/10s Music/Glue.mp3,Stockholm,2010s,https://i.scdn.co/image/ab67616d0000b273d4322a9004288009f6da2975
How Deep Is Your Love,Calvin Harris,Stockholm/StockholmMusic/10s Music/HowDeepIsYourLove.mp3,Stockholm,2010s,https://i.scdn.co/image/ab67616d0000b2738daa8ac6367fc997c1873b9b
HEAT,Tove Lo,Stockholm/StockholmMusic/10s Music/HEAT.mp3,Stockholm,2010s,https://i.scdn.co/image/ab67616d0000b2737de2b9727e4016ab9ddbe4d5
Finally,Swedish House Mafia,Stockholm/StockholmMusic/10s Music/Finally.mp3,Stockholm,2010s,https://i.scdn.co/image/ab67616d0000b27347e8371e39ce2c4ef58c60bc
Addicted To You,Avicii,Stockholm/StockholmMusic/10s Music/AddictedToYou.mp3,Stockholm,2010s,https://i.scdn.co/image/ab67616d0000b273e14f11f796cef9f9a82691a7
Don’t You Worry Child,Swedish House Mafia,Stockholm/StockholmMusic/10s Music/DontYouWorryChild.mp3,Stockholm,2010s,https://i.scdn.co/image/ab67616d0000b2739cfe80c0c05ce104f7bab18e
Check Out,J. Worra,Stockholm/StockholmMusic/10s Music/CheckOut.mp3,Stockholm,2010s,https://i.scdn.co/image/ab67616d0000b27317d5f322f1a3460e0c5bbd70
Beautiful People,Chris Brown,Stockholm/StockholmMusic/10s Music/BeautifulPeople.mp3,Stockholm,2010s,https://i.scdn.co/image/ab67616d0000b2730a1d20ec09cab4bb17a36aab
Heroes (We Could Be),Alesso,Stockholm/StockholmMusic/10s Music/Heroes.mp3,Stockholm,2010s,https://i.scdn.co/image/ab67616d0000b273b804bbd11f864902d452b3a7
El Viejo Del Sombrerón,La Sonora Dinamita,Bogota/BogotaMusic/1980s/ElViejoDelSombreron.mp3,Bogota,1980s,https://i.scdn.co/image/ab67616d0000b273ffbb48b648d75cca9f3b74f0
Mentirosa,Rafaga,Bogota/BogotaMusic/1980s/Mentirosa.mp3,Bogota,1980s,https://i.scdn.co/image/ab67616d0000b273191411b60f6b164e7a1c13dd
Ojitos Mentirosos,Tropicalisimo Apache,Bogota/BogotaMusic/1980s/OjitosMentirosos.mp3,Bogota,1980s,https://i.scdn.co/image/ab67616d0000b273014ae837ec20dd7904d6bfdc
Sergio el Bailador,Bronco,Bogota/BogotaMusic/1980s/SergioElBailador.mp3,Bogota,1980s,https://i.scdn.co/image/ab67616d0000b2733c290e8136b0074bb3d4221b
Lejanía,Lisandro Meza,Bogota/BogotaMusic/1980s/Lejania.mp3,Bogota,1980s,https://i.scdn.co/image/ab67616d0000b27329584fe5c98d87c126bbd197
No Me Arrepiento de Este Amor,Gilda,Bogota/BogotaMusic/1980s/NoMeArrepientoDeEsteAmor.mp3,Bogota,1980s,https://i.scdn.co/image/ab67616d0000b273d482e1d857092cb56257a822
Qué Bello,Sonora Tropicana,Bogota/BogotaMusic/1980s/QueBello.mp3,Bogota,1980s,https://i.scdn.co/image/ab67616d0000b273472e76dddba5663b4082fc64
Yo Tomo Licor,Amar Azul,Bogota/BogotaMusic/1980s/YoTomoLicor.mp3,Bogota,1980s,https://i.scdn.co/image/ab67616d0000b273cb85fa5c1df3e84797fdef49
Nunca Me Faltes,Antonio Rios,Bogota/BogotaMusic/1980s/NuncaMeFaltes.mp3,Bogota,1980s,https://i.scdn.co/image/ab67616d0000b2737ddb246dc796d103623af1e3
El Soy Yo,Samuray,Bogota/BogotaMusic/1980s/ElSoyYo.mp3,Bogota,1980s,https://i.scdn.co/image/ab67616d0000b273a46ce290a3b5a60a104d56ee
Llorar,Los Socios Del Ritmo,Bogota/BogotaMusic/1990s/Llorar.mp3,Bogota,1990s,https://i.scdn.co/image/ab67616d0000b27366941553c21cb0e50d50b1f0
Tiene Espinas El Rosal,Grupo Canaveral De Humberto Pabon,Bogota/BogotaMusic/1990s/TieneEspinasElRosal.mp3,Bogota,1990s,https://i.scdn.co/image/ab67616d0000b27364fd856aaae57a585c962c87
El Liston De Tu Pelo,Los Angeles Azules,Bogota/BogotaMusic/1990s/ElListonDeTuPelo.mp3,Bogota,1990s,https://i.scdn.co/image/ab67616d0000b27326647abed3cef486c871cc90
Piensa En Mi,Grupo Mojado,Bogota/BogotaMusic/1990s/PiensaEnMi.mp3,Bogota,1990s,https://i.scdn.co/image/ab67616d0000b273f25a5393f9b7461032b15b07
Baila Esta Cumbia,Selena,Bogota/BogotaMusic/1990s/BailaEstaCumbia.mp3,Bogota,1990s,https://i.scdn.co/image/ab67616d0000b273673648f5fb3d29a82733479b
Tao Tao,Control,Bogota/BogotaMusic/1990s/TaoTao.mp3,Bogota,1990s,https://i.scdn.co/image/ab67616d0000b27359c2bf2ff607c5268a69ed3a
El Diario De Un Borracho,Aniceto Molina,Bogota/BogotaMusic/1990s/ElDiarioDeUnBorracho.mp3,Bogota,1990s,https://i.scdn.co/image/ab67616d0000b273a17038a3c7fda077932efab0
Muchachita Consentida,Rayito Colombiano,Bogota/BogotaMusic/1990s/MuchachitaConsentida.mp3,Bogota,1990s,https://i.scdn.co/image/ab67616d0000b2739af40670550143304fc29d58
Juana La Cubana,Fito Olivares,Bogota/BogotaMusic/1990s/JuanaLaCubana.mp3,Bogota,1990s,https://i.scdn.co/image/ab67616d0000b273a26b8962f8baecc589b2490f
Los Caminos De La Vida,La Tropa Vallenata,Bogota/BogotaMusic/1990s/LosCaminosDeLaVida.mp3,Bogota,1990s,https://i.scdn.co/image/ab67616d0000b273d5921249f176836e8507d33e
Como Te Voy A Olvidar,Los Angeles Azules,Bogota/BogotaMusic/2000s/ComoTeVoyAOlvidar.mp3,Bogota,2000s,https://i.scdn.co/image/ab67616d0000b2736557d6aabc5a43e0b12d5e33
Todo Me Gusta De Ti,Aaron,Bogota/BogotaMusic/2000s/TodoMeGustaDeTi.mp3,Bogota,2000s,https://i.scdn.co/image/ab67616d0000b2730c5def2b885fc27fba831fb3
Un Sueno,Los Angeles De Charly,Bogota/BogotaMusic/2000s/UnSueno.mp3,Bogota,2000s,https://i.scdn.co/image/ab67616d0000b273919a14c87bc18a2217914e25
Cumbia De La Cobra,Fito Olivares,Bogota/BogotaMusic/2000s/CumbiaDeLaCobra.mp3,Bogota,2000s,https://i.scdn.co/image/ab67616d0000b27317919dcb20af582d1ba75ff1
Rumba Cha-Cha-Cha,Grupo Kual?,Bogota/BogotaMusic/2000s/RumbaChaChaCha.mp3,Bogota,2000s,https://i.scdn.co/image/ab67616d0000b2737ed069bc502ddfc5dd199715
El Botecito,Los Hijos Del Pueblo,Bogota/BogotaMusic/2000s/ElBotecito.mp3,Bogota,2000s,https://i.scdn.co/image/ab67616d0000b27315c450a825b9c02eb729f665
Amor Regresa,Los Askis,Bogota/BogotaMusic/2000s/AmorRegresa.mp3,Bogota,2000s,https://i.scdn.co/image/ab67616d0000b273301371427ac7eb47c1667249
Guaracha Sabrosona,Alberto Pedraza +,Bogota/BogotaMusic/2000s/GuarachaSabrosona.mp3,Bogota,2000s,https://i.scdn.co/image/ab67616d0000b273f19548600af1d809856a3409
Yo Soy Tu Maestro,Los Telez,Bogota/BogotaMusic/2000s/YoSoyTuMaestro.mp3,Bogota,2000s,https://i.scdn.co/image/ab67616d0000b2737af963fd022511681aa1314f
Felicidad,Los Socios Del Ritmo,Bogota/BogotaMusic/2000s/Felicidad.mp3,Bogota,2000s,https://i.scdn.co/image/ab67616d0000b273792160bdfa9062548fcf5e21
Nunca Es Suficiente,Los Angeles Azules,Bogota/BogotaMusic/2010s/NuncaEsSuficiente.mp3,Bogota,2010s,https://i.scdn.co/image/ab67616d0000b2733616f5d3c8e4e13081d14bde
Oye Mujer,Raymix,Bogota/BogotaMusic/2010s/OyeMujer.mp3,Bogota,2010s,https://i.scdn.co/image/ab67616d0000b273cb610f9d9d31287af389de3b
Cumbia Sampuesana,La Luz Roja De San Marcos,Bogota/BogotaMusic/2010s/CumbiaSampuesana.mp3,Bogota,2010s,https://i.scdn.co/image/ab67616d0000b273140c515edf8eeee019553b7f
Tus Jefes No Me Quieren,Grupo Ensamble,Bogota/BogotaMusic/2010s/TusJefesNoMeQuieren.mp3,Bogota,2010s,https://i.scdn.co/image/ab67616d0000b273a80826229bb3dc41af514ae9
Que Te Vaya Bien,Grupo Jalado,Bogota/BogotaMusic/2010s/QueTeVayaBien.mp3,Bogota,2010s,https://i.scdn.co/image/ab67616d0000b27368f98f0f85b791d49d340e57
Que Bello,La Sonora Dinamita,Bogota/BogotaMusic/2010s/QueBello.mp3,Bogota,2010s,https://i.scdn.co/image/ab67616d0000b273ee3770891a03a1b34a9d3505
Donde Estaras,ICC,Bogota/BogotaMusic/2010s/DondeEstaras.mp3,Bogota,2010s,https://i.scdn.co/image/ab67616d0000b273275f82eea37c108d6320a72d
No Me Llames Mas,Alcalde La Sonora,Bogota/BogotaMusic/2010s/NoMeLlamesMas.mp3,Bogota,2010s,https://i.scdn.co/image/ab67616d0000b2730432c43b11cd5256a7f161b1
El Colesterol,Fito Olivares,Bogota/BogotaMusic/2010s/ElColesterol.mp3,Bogota,2010s,https://i.scdn.co/image/ab67616d0000b27380c94bab18ea0eea3f410d25
Amor A Primera Vista,Los Angeles Azules,Bogota/BogotaMusic/2010s/AmorAPrimeraVista.mp3,Bogota,2010s,https://i.scdn.co/image/ab67616d0000b273b017ddd6dc1835dcb15c9e3b
Ain’t Nobody Better,Inner City,London/LondonMusic/1980s/AintNobodyBetter.mp3,London,1980s,https://i.scdn.co/image/ab67616d0000b2734573e6f96afc42c80f3ed183
Back To Life,Soul II Soul,London/LondonMusic/1980s/BackToLife.mp3,London,1980s,https://i.scdn.co/image/ab67616d0000b2732c6504b9f170161d93079e25
Just Keep Rockin,Double Trouble,London/LondonMusic/1980s/JustKeepRockin.mp3,London,1980s,https://i.scdn.co/image/ab67616d0000b27338558842e76431ee18e2eb44
My Love Is Magic,Bäs Noir,London/LondonMusic/1980s/MyLoveIsMagic.mp3,London,1980s,https://i.scdn.co/image/ab67616d0000b273fd1720d0cc7c3b25b5318943
Devotion,Ten City,London/LondonMusic/1980s/Devotion.mp3,London,1980s,https://i.scdn.co/image/ab67616d0000b2730b69a1a1e9e6c46eff17305a
Yeah Buddy,Royal House,London/LondonMusic/1980s/YeahBuddy.mp3,London,1980s,https://i.scdn.co/image/ab67616d0000b273712503d6736d7ae3daa9b0aa
Get Busy,Mr. Lee,London/LondonMusic/1980s/GetBusy.mp3,London,1980s,https://i.scdn.co/image/ab67616d0000b2730d234025ac055b6b1dcfb166
I’ll House You,Jungle Brothers,London/LondonMusic/1980s/IllHouseYou.mp3,London,1980s,https://i.scdn.co/image/ab67616d0000b273af7d50dbfd861e5359d8bb68
I’m Glad You Came To Me,Bäs Noir,London/LondonMusic/1980s/ImGladYouCameToMe.mp3,London,1980s,https://i.scdn.co/image/ab67616d0000b273361abdc420dadb0efafca4f8
Love House,Samantha Fox,London/LondonMusic/1980s/LoveHouse.mp3,London,1980s,https://i.scdn.co/image/ab67616d0000b2730c9672bd8f7f2a1955c414ca
Friendly Pressure,Jhelisa,London/LondonMusic/1990s/FriendlyPressure.mp3,London,1990s,https://i.scdn.co/image/ab67616d0000b2737307bf3c6caf9a668391b417
Bounce to the Beat,Todd Terry,London/LondonMusic/1990s/BounceToTheBeat.mp3,London,1990s,https://i.scdn.co/image/ab67616d0000b273f39e6e603eb39c78b718aed0
House of Love,Smooth Touch,London/LondonMusic/1990s/HouseOfLove.mp3,London,1990s,https://i.scdn.co/image/ab67616d0000b2732d1565683e4aa2d619ed7b02
Throw Ya Hands Up,Ground 96,London/LondonMusic/1990s/ThrowYaHandsUp.mp3,London,1990s,https://i.scdn.co/image/ab67616d0000b273fe510e8d265938164c72d770
RIP Groove,Double 99,London/LondonMusic/1990s/RIPGroove.mp3,London,1990s,https://i.scdn.co/image/ab67616d0000b273c9638b4c6919a89f068356f1
Dancing For Heaven,Todd Edwards,London/LondonMusic/1990s/DancingForHeaven.mp3,London,1990s,https://i.scdn.co/image/ab67616d0000b273baf4d142bc024ff89a6b9de0
Get Down - We Can Get Down,Groove Chronicles,London/LondonMusic/1990s/GetDownWeCanGetDown.mp3,London,1990s,https://i.scdn.co/image/ab67616d0000b2734c54fba135d90f5a72db6d6f
Movin Too Fast,Romina Johnson,London/LondonMusic/1990s/MovinTooFast.mp3,London,1990s,https://i.scdn.co/image/ab67616d0000b273021ac8286f2c14e6302d02f0
Burning,MK,London/LondonMusic/1990s/Burning.mp3,London,1990s,https://i.scdn.co/image/ab67616d0000b27347fc666f884668d9f89edce6
A Little Bit Of Luck,DJ Luck & MC Neat,London/LondonMusic/1990s/ALittleBitOfLuck.mp3,London,1990s,https://i.scdn.co/image/ab67616d0000b273943528dd3e6f895a1a29e5d9
Love Eviction,Quartzlock,London/LondonMusic/2000s/LoveEviction.mp3,London,2000s,https://i.scdn.co/image/ab67616d0000b27322e51518e12705f55e8709d9
Attention!,Commander Tom,London/LondonMusic/2000s/Attention.mp3,London,2000s,https://i.scdn.co/image/ab67616d0000b273e9d82ad2a91d19fd0983a7b8
Sensitivity,The Shapeshifters,London/LondonMusic/2000s/Sensitivity.mp3,London,2000s,https://i.scdn.co/image/ab67616d0000b273bd92244b907a9383ccf8bea6
Pump It Up,Danzel,London/LondonMusic/2000s/PumpItUp.mp3,London,2000s,https://i.scdn.co/image/ab67616d0000b27378eb16dec42311affba53a32
You’re The Reason,Wamdue Project,London/LondonMusic/2000s/YoureTheReason.mp3,London,2000s,https://i.scdn.co/image/ab67616d0000b2730da8ae5e1f425052b490d3b3
Get Down,Jungle Brothers,London/LondonMusic/2000s/GetDown.mp3,London,2000s,https://i.scdn.co/image/ab67616d0000b273a537285ac9065a8d25beba8f
Shut The Door,Todd Edwards,London/LondonMusic/2000s/ShutTheDoor.mp3,London,2000s,https://i.scdn.co/image/ab67616d0000b273f9405f3f859cf631ad9d3560
Bonkers,Dizzee Rascal,London/LondonMusic/2000s/Bonkers.mp3,London,2000s,https://i.scdn.co/image/ab67616d0000b2736f754c78ad0a1cb7fa2d6c4f
Just Dance - Richard Vission Remix,Lady Gaga,London/LondonMusic/2000s/JustDanceRichardVissionRemix.mp3,London,2000s,https://i.scdn.co/image/ab67616d0000b273e1330723ed07646d99ae4ff1
Why Can’t You Free Some Time,Armand Van Helden,London/LondonMusic/2000s/WhyCantYouFreeSomeTime.mp3,London,2000s,https://i.scdn.co/image/ab67616d0000b273527bdc9cf10ae7538fcae99a
White Noise,Disclosure,London/LondonMusic/2010s/WhiteNoise.mp3,London,2010s,https://i.scdn.co/image/ab67616d0000b273786201dca187d2b0c956c24b
Feel My Needs,WEISS,London/LondonMusic/2010s/FeelMyNeeds.mp3,London,2010s,https://i.scdn.co/image/ab67616d0000b2732282cf1bf4b5eb5a6ee67f6e
My Love,Route 94,London/LondonMusic/2010s/MyLove.mp3,London,2010s,https://i.scdn.co/image/ab67616d0000b273229b511799188e23773629f0
Fake ID,Riton,London/LondonMusic/2010s/FakeID.mp3,London,2010s,https://i.scdn.co/image/ab67616d0000b273db34c75eb1c6d446dc61e788
Say Something - Zac Samuel Remix,Karen Harding,London/LondonMusic/2010s/SaySomethingZacSamuelRemix.mp3,London,2010s,https://i.scdn.co/image/ab67616d0000b2734a710f967adbade59838bb33
Young World,A.D.O.R,London/LondonMusic/2010s/YoungWorld.mp3,London,2010s,https://i.scdn.co/image/ab67616d0000b2738d9ca4f096f4261114812d25
When A Fire Starts To Burn,Disclosure,London/LondonMusic/2010s/WhenAFireStartsToBurn.mp3,London,2010s,https://i.scdn.co/image/ab67616d0000b2737d9cf15a27f29ffc8ef01e8d
How Deep Is Your Love,Calvin Harris,London/LondonMusic/2010s/HowDeepIsYourLove.mp3,London,2010s,https://i.scdn.co/image/ab67616d0000b2738daa8ac6367fc997c1873b9b
Upside Down,Eats Everything,London/LondonMusic/2010s/UpsideDown.mp3,London,2010s,https://i.scdn.co/image/ab67616d0000b273f100c3cef2d3d61fb67f12b9
Too Much For Me,SELKER,London/LondonMusic/2010s/TooMuchForMe.mp3,London,2010s,https://i.scdn.co/image/ab67616d0000b273666c8606125eaa9937ff031f
