Title,Artist,File Path,City,Decade
Big Fun,Inner City,Amsterdam/AmsterdamMusic/80s Music/BigFun.mp3,Amsterdam,1980s
French Kiss,Lil’ Louis,Amsterdam/AmsterdamMusic/80s Music/FrenchKiss.mp3,Amsterdam,1980s
Pacific State,808 State,Amsterdam/AmsterdamMusic/80s Music/PacificState.mp3,Amsterdam,1980s
Voodoo Ray,A Guy Called Gerald,Amsterdam/AmsterdamMusic/80s Music/VoodooRay.mp3,Amsterdam,1980s
s Of Life,Derrick May,Amsterdam/AmsterdamMusic/80s Music/StringsOfLife.mp3,Amsterdam,1980s
Go,Moby,Amsterdam/AmsterdamMusic/80s Music/Go.mp3,Amsterdam,1980s
Can You Feel It,Mr. Fingers,Amsterdam/AmsterdamMusic/80s Music/CanYouFeelIt.mp3,Amsterdam,1980s
House Nation,The Housemaster Boyz,Amsterdam/AmsterdamMusic/80s Music/HouseNation.mp3,Amsterdam,1980s
Don’t Go,Awesome 3,Amsterdam/AmsterdamMusic/80s Music/DontGo.mp3,Amsterdam,1980s
Let The Music Use You,The Nightwriters,Amsterdam/AmsterdamMusic/80s Music/LetTheMusicUseYou.mp3,Amsterdam,1980s
Beautiful People,Barbara Tucker,Amsterdam/AmsterdamMusic/90s Music/BeautifulPeople.mp3,Amsterdam,1990s
The Nighttrain,Kadoc,Amsterdam/AmsterdamMusic/90s Music/TheNighttrain.mp3,Amsterdam,1990s
Passion,Gat Decor,Amsterdam/AmsterdamMusic/90s Music/Passion.mp3,Amsterdam,1990s
Give Me Luv,Alcatraz,Amsterdam/AmsterdamMusic/90s Music/GiveMeLuv.mp3,Amsterdam,1990s
I Feel It,Armand Van Helden,Amsterdam/AmsterdamMusic/90s Music/IFeelIt.mp3,Amsterdam,1990s
Where Love Lives,Alison Limerick,Amsterdam/AmsterdamMusic/90s Music/WhereLoveLives.mp3,Amsterdam,1990s
Revolution 909,Daft Punk,Amsterdam/AmsterdamMusic/90s Music/Revolution909.mp3,Amsterdam,1990s
Throw,Paperclip People,Amsterdam/AmsterdamMusic/90s Music/Throw.mp3,Amsterdam,1990s
Didn’t I Give You Love,Luvspunge,Amsterdam/AmsterdamMusic/90s Music/DidntIGiveYouLove.mp3,Amsterdam,1990s
Hot,Ideal,Amsterdam/AmsterdamMusic/90s Music/Hot.mp3,Amsterdam,1990s
Give It Up,The Good Men,Amsterdam/AmsterdamMusic/00s Music/GiveItUp.mp3,Amsterdam,2000s
Energy Flash,Joey Beltram,Amsterdam/AmsterdamMusic/00s Music/EnergyFlash.mp3,Amsterdam,2000s
Bounce 2 The Beat,Todd Terry,Amsterdam/AmsterdamMusic/00s Music/Bounce2TheBeat.mp3,Amsterdam,2000s
Samba Magic,Basement Jaxx,Amsterdam/AmsterdamMusic/00s Music/SambaMagic.mp3,Amsterdam,2000s
Heaven,DJ Sammy,Amsterdam/AmsterdamMusic/00s Music/Heaven.mp3,Amsterdam,2000s
Call On Me,Eric Prydz,Amsterdam/AmsterdamMusic/00s Music/CallOnMe.mp3,Amsterdam,2000s
Something,Lasgo,Amsterdam/AmsterdamMusic/00s Music/Something.mp3,Amsterdam,2000s
Sandstorm,Darude,Amsterdam/AmsterdamMusic/00s Music/Sandstorm.mp3,Amsterdam,2000s
In A Dream,Rockell,Amsterdam/AmsterdamMusic/00s Music/InADream.mp3,Amsterdam,2000s
This Is Your Night,Amber,Amsterdam/AmsterdamMusic/00s Music/ThisIsYourNight.mp3,Amsterdam,2000s
House Is A Feeling,Tommy Capretto,Amsterdam/AmsterdamMusic/10s Music/HouseIsAFeeling.mp3,Amsterdam,2010s
Into My Life,Mark Knight,Amsterdam/AmsterdamMusic/10s Music/IntoMyLife.mp3,Amsterdam,2010s
Otto’s Chant,Skream,Amsterdam/AmsterdamMusic/10s Music/OttosChant.mp3,Amsterdam,2010s
Roses,SAINt JHN,Amsterdam/AmsterdamMusic/10s Music/Roses.mp3,Amsterdam,2010s
Eyes on Fire,Blue Foundation,Amsterdam/AmsterdamMusic/10s Music/EyesOnFire.mp3,Amsterdam,2010s
What a Bam,Guille Placencia,Amsterdam/AmsterdamMusic/10s Music/WhatABam.mp3,Amsterdam,2010s
Devil’s Candy,Michael Bibi,Amsterdam/AmsterdamMusic/10s Music/DevilsCandy.mp3,Amsterdam,2010s
White Noise,Disclosure,Amsterdam/AmsterdamMusic/10s Music/WhiteNoise.mp3,Amsterdam,2010s
Sun Goes Down,Cloonee,Amsterdam/AmsterdamMusic/10s Music/SunGoesDown.mp3,Amsterdam,2010s
House & Pressure,Route 94,Amsterdam/AmsterdamMusic/10s Music/HouseAndPressure.mp3,Amsterdam,2010s
Let Love Rule (Justice Remix),Justice,Barcelona/BarcelonaMusic/80s Music/LetLoveRule.mp3,Barcelona,1980s
Fascinated,Company B,Barcelona/BarcelonaMusic/80s Music/Fascinated.mp3,Barcelona,1980s
So Glad,Fingers Inc.,Barcelona/BarcelonaMusic/80s Music/SoGlad.mp3,Barcelona,1980s
Angel Eyes,Lime,Barcelona/BarcelonaMusic/80s Music/AngelEyes.mp3,Barcelona,1980s
Ma quale idea,Pino D’Angiò,Barcelona/BarcelonaMusic/80s Music/Maqualeidea.mp3,Barcelona,1980s
Mutante,Rita Lee,Barcelona/BarcelonaMusic/80s Music/Mutante.mp3,Barcelona,1980s
Your Love,Frankie Knuckles,Barcelona/BarcelonaMusic/80s Music/YourLove.mp3,Barcelona,1980s
Toros,Raul Orellana,Barcelona/BarcelonaMusic/80s Music/Toros.mp3,Barcelona,1980s
Madrugada Eterna,The KLF,Barcelona/BarcelonaMusic/80s Music/MadrugadaEterna.mp3,Barcelona,1980s
Atewo-Lara Ka Tepa Mo’se,Segun Adewale,Barcelona/BarcelonaMusic/80s Music/Atewo-LaraKaTepaMose.mp3,Barcelona,1980s
Better Off Alone,Alice Deejay,Barcelona/BarcelonaMusic/90s Music/BetterOffAlone.mp3,Barcelona,1990s
Turn It Around,Alena,Barcelona/BarcelonaMusic/90s Music/TurnItAround.mp3,Barcelona,1990s
Samba de Janeiro,Bellini,Barcelona/BarcelonaMusic/90s Music/SambaDeJaneiro.mp3,Barcelona,1990s
La Mezcla,Michel Cleis,Barcelona/BarcelonaMusic/90s Music/LaMezcla.mp3,Barcelona,1990s
Remember Me,Blue Boy,Barcelona/BarcelonaMusic/90s Music/RememberMe.mp3,Barcelona,1990s
"Jumpin’, Jumpin’",Destiny’s Child,Barcelona/BarcelonaMusic/90s Music/JumpinJumpin.mp3,Barcelona,1990s
Sing It Back,Moloko,Barcelona/BarcelonaMusic/90s Music/SingItBack.mp3,Barcelona,1990s
Quando Te Veo,Mo’ Horizons,Barcelona/BarcelonaMusic/90s Music/QuandoTeVeo.mp3,Barcelona,1990s
Around the World,Daft Punk,Barcelona/BarcelonaMusic/90s Music/AroundTheWorld.mp3,Barcelona,1990s
Making A Living,Lee Rodriguez,Barcelona/BarcelonaMusic/90s Music/MakingALiving.mp3,Barcelona,1990s
Mr. Saxobeat,Alexandra Stan,Barcelona/BarcelonaMusic/00s Music/MrSaxobeat.mp3,Barcelona,2000s
I’m Not Alone,Calvin Harris,Barcelona/BarcelonaMusic/00s Music/ImNotAlone.mp3,Barcelona,2000s
Calabria 2007,Enur,Barcelona/BarcelonaMusic/00s Music/Calabria2007.mp3,Barcelona,2000s
Guilty,De Souza,Barcelona/BarcelonaMusic/00s Music/Guilty.mp3,Barcelona,2000s
Not Enough,Roger Sanchez,Barcelona/BarcelonaMusic/00s Music/NotEnough.mp3,Barcelona,2000s
Bring the Noise,Public Enemy,Barcelona/BarcelonaMusic/00s Music/BringTheNoise.mp3,Barcelona,2000s
Soy yo,Bomba Estéreo,Barcelona/BarcelonaMusic/00s Music/SoyYo.mp3,Barcelona,2000s
On The Floor,Jennifer Lopez,Barcelona/BarcelonaMusic/00s Music/OnTheFloor.mp3,Barcelona,2000s
Yo Voy,Zion & Lennox,Barcelona/BarcelonaMusic/00s Music/YoVoy.mp3,Barcelona,2000s
Temperature,Sean Paul,Barcelona/BarcelonaMusic/00s Music/Temperature.mp3,Barcelona,2000s
ADD SUV,Uffie,Barcelona/BarcelonaMusic/10s Music/ADDSUV.mp3,Barcelona,2010s
Be Mine,Ofenbach,Barcelona/BarcelonaMusic/10s Music/BeMine.mp3,Barcelona,2010s
Beam Me Up,Midnight Magic,Barcelona/BarcelonaMusic/10s Music/BeamMeUp.mp3,Barcelona,2010s
Magalenha,Simon Fava,Barcelona/BarcelonaMusic/10s Music/Magalenha.mp3,Barcelona,2010s
Electricity,Silk City,Barcelona/BarcelonaMusic/10s Music/Electricity.mp3,Barcelona,2010s
Hideaway,Kiesza,Barcelona/BarcelonaMusic/10s Music/Hideaway.mp3,Barcelona,2010s
Feel So Close,Calvin Harris,Barcelona/BarcelonaMusic/10s Music/FeelSoClose.mp3,Barcelona,2010s
Inspector Norse,Todd Terje,Barcelona/BarcelonaMusic/10s Music/InspectorNorse.mp3,Barcelona,2010s
Five More Hours,Deorro,Barcelona/BarcelonaMusic/10s Music/FiveMoreHours.mp3,Barcelona,2010s
Greyhound,Swedish House Mafia,Barcelona/BarcelonaMusic/10s Music/Greyhound.mp3,Barcelona,2010s
The Groove That Won’t Stop,Kevin Saunderson,Berlin/BerlinMusic/80s Music/TheGrooveThatWontStop.mp3,Berlin,1980s
I’m Strong,Robert Owens,Berlin/BerlinMusic/80s Music/ImStrong.mp3,Berlin,1980s
The Chase,Model 500,Berlin/BerlinMusic/80s Music/TheChase.mp3,Berlin,1980s
Industrial Bass,Project '86',Berlin/BerlinMusic/80s Music/IndustrialBass.mp3,Berlin,1980s
Night In Motion,Cubic 22,Berlin/BerlinMusic/80s Music/NightInMotion.mp3,Berlin,1980s
Preacher Man,Green Velvet,Berlin/BerlinMusic/80s Music/PreacherMan.mp3,Berlin,1980s
Flash,Fix,Berlin/BerlinMusic/80s Music/Flash.mp3,Berlin,1980s
Vamp,Outlander,Berlin/BerlinMusic/80s Music/Vamp.mp3,Berlin,1980s
Plastic Dreams,Jaydee,Berlin/BerlinMusic/80s Music/PlasticDreams.mp3,Berlin,1980s
Mental Breakdown,Phuture,Berlin/BerlinMusic/80s Music/MentalBreakdown.mp3,Berlin,1980s
Energy Flash,Joey Beltram,Berlin/BerlinMusic/90s Music/EnergyFlash.mp3,Berlin,1990s
LFO,LFO,Berlin/BerlinMusic/90s Music/LFO.mp3,Berlin,1990s
Jam the Mace,House Syndicate,Berlin/BerlinMusic/90s Music/JamTheMace.mp3,Berlin,1990s
The Warning,Logic,Berlin/BerlinMusic/90s Music/TheWarning.mp3,Berlin,1990s
We Are Phuture,Phuture,Berlin/BerlinMusic/90s Music/WeArePhuture.mp3,Berlin,1990s
I Believe,Octave One,Berlin/BerlinMusic/90s Music/IBelieve.mp3,Berlin,1990s
Turn Up The Bass,Tyree Cooper,Berlin/BerlinMusic/90s Music/TurnUpTheBass.mp3,Berlin,1990s
Yoyo Get Funky,Fast Eddie,Berlin/BerlinMusic/90s Music/YoyoGetFunky.mp3,Berlin,1990s
100% of Dissin You,Armando,Berlin/BerlinMusic/90s Music/100PercentOfDissinYou.mp3,Berlin,1990s
Call It Techno,Frankie Bones,Berlin/BerlinMusic/90s Music/CallItTechno.mp3,Berlin,1990s
Meine,Daso,Berlin/BerlinMusic/00s Music/Meine.mp3,Berlin,2000s
The Setup,Moodymann,Berlin/BerlinMusic/00s Music/TheSetup.mp3,Berlin,2000s
Square 1,Paul Kalkbrenner,Berlin/BerlinMusic/00s Music/Square1.mp3,Berlin,2000s
Cornflake Boy,Marbert Rocel,Berlin/BerlinMusic/00s Music/CornflakeBoy.mp3,Berlin,2000s
Lila,Rodriguez Jr.,Berlin/BerlinMusic/00s Music/Lila.mp3,Berlin,2000s
Silent Drop,Dosem,Berlin/BerlinMusic/00s Music/SilentDrop.mp3,Berlin,2000s
Some Sweat,Sascha Braemer,Berlin/BerlinMusic/00s Music/SomeSweat.mp3,Berlin,2000s
The Difference It Makes,The MFA,Berlin/BerlinMusic/00s Music/TheDifferenceItMakes.mp3,Berlin,2000s
Subzero,Ben Klock,Berlin/BerlinMusic/00s Music/Subzero.mp3,Berlin,2000s
[Logo],Moodymann,Berlin/BerlinMusic/00s Music/Logo.mp3,Berlin,2000s
Return It,Kim Ann Foxman,Berlin/BerlinMusic/10s Music/ReturnIt.mp3,Berlin,2010s
Empty Floor,Jan Blomqvist,Berlin/BerlinMusic/10s Music/EmptyFloor.mp3,Berlin,2010s
Foreign Language,Flight Facilities,Berlin/BerlinMusic/10s Music/ForeignLanguage.mp3,Berlin,2010s
Der Buhold,Paul Kalkbrenner,Berlin/BerlinMusic/10s Music/DerBuhold.mp3,Berlin,2010s
Chez A. Untitled,Chez Damier,Berlin/BerlinMusic/10s Music/ChezAUntitled.mp3,Berlin,2010s
Farther And Fainter,John Tejada,Berlin/BerlinMusic/10s Music/FartherAndFainter.mp3,Berlin,2010s
Say It,Matt Karmil,Berlin/BerlinMusic/10s Music/SayIt.mp3,Berlin,2010s
Fabric Softener,Vin Sol,Berlin/BerlinMusic/10s Music/FabricSoftener.mp3,Berlin,2010s
Element,Palace,Berlin/BerlinMusic/10s Music/Element.mp3,Berlin,2010s
Signs,Howling,Berlin/BerlinMusic/10s Music/Signs.mp3,Berlin,2010s
Mystery Of Love,Mr. Fingers,CapeTown/CapeTownMusic/80s Music/MysteryOfLove.mp3,Cape Town,1980s
Can You Feel It,Mr. Fingers,CapeTown/CapeTownMusic/80s Music/CanYouFeelIt.mp3,Cape Town,1980s
Your Love,The Outfield,CapeTown/CapeTownMusic/80s Music/YourLove.mp3,Cape Town,1980s
Show Me Love,Robin S,CapeTown/CapeTownMusic/80s Music/ShowMeLove.mp3,Cape Town,1980s
Everybody Everybody,Black Box,CapeTown/CapeTownMusic/80s Music/EverybodyEverybody.mp3,Cape Town,1980s
Murder She Wrote,Chaka Demus & Pliers,CapeTown/CapeTownMusic/80s Music/MurderSheWrote.mp3,Cape Town,1980s
RIP Groove,Double 99,CapeTown/CapeTownMusic/80s Music/RIPGroove.mp3,Cape Town,1980s
100% Pure Love,Crystal Waters,CapeTown/CapeTownMusic/80s Music/100PercentPureLove.mp3,Cape Town,1980s
Happening All Over Again,Lonnie Gordon,CapeTown/CapeTownMusic/80s Music/HappeningAllOverAgain.mp3,Cape Town,1980s
Hey,Fatima Rainey,CapeTown/CapeTownMusic/80s Music/Hey.mp3,Cape Town,1980s
Teardrops,Lovestation,CapeTown/CapeTownMusic/90s Music/Teardrops.mp3,Cape Town,1990s
Shimmy Shake,740 Boyz,CapeTown/CapeTownMusic/90s Music/ShimmyShake.mp3,Cape Town,1990s
La La La Hey Hey,The Outhere Brothers,CapeTown/CapeTownMusic/90s Music/LaLaLaHeyHey.mp3,Cape Town,1990s
Heaven Must Be Missing An Angel,Tavares,CapeTown/CapeTownMusic/90s Music/HeavenMustBeMissingAnAngel.mp3,Cape Town,1990s
All Around the World,Lisa Stansfield,CapeTown/CapeTownMusic/90s Music/AllAroundTheWorld.mp3,Cape Town,1990s
I Just Don’t Have the Heart,Cliff Richard,CapeTown/CapeTownMusic/90s Music/IJustDontHaveTheHeart.mp3,Cape Town,1990s
You’ll Never Stop Me Loving You,Sonia,CapeTown/CapeTownMusic/90s Music/YoullNeverStopMeLovingYou.mp3,Cape Town,1990s
Listen to Your Heart,Sonia,CapeTown/CapeTownMusic/90s Music/ListenToYourHeart.mp3,Cape Town,1990s
Gonna Make You Sweat (Everybody Dance Now),C & C Music Factory,CapeTown/CapeTownMusic/90s Music/GonnaMakeYouSweat.mp3,Cape Town,1990s
Ride on Time,Black Box,CapeTown/CapeTownMusic/90s Music/RideOnTime.mp3,Cape Town,1990s
What I Do Best,Salomé,CapeTown/CapeTownMusic/00s Music/WhatIDoBest.mp3,Cape Town,2000s
Not Too Shabby,Cerrone,CapeTown/CapeTownMusic/00s Music/NotTooShabby.mp3,Cape Town,2000s
Two Can Play That Game,Bobby Brown,CapeTown/CapeTownMusic/00s Music/TwoCanPlayThatGame.mp3,Cape Town,2000s
Baby I Need Your Love,Debelah Morgan,CapeTown/CapeTownMusic/00s Music/BabyINeedYourLove.mp3,Cape Town,2000s
Destiny,Malaika,CapeTown/CapeTownMusic/00s Music/Destiny.mp3,Cape Town,2000s
Be Alone No More,Another Level,CapeTown/CapeTownMusic/00s Music/BeAloneNoMore.mp3,Cape Town,2000s
You’ll Never Know,Hi-Gloss,CapeTown/CapeTownMusic/00s Music/YoullNeverKnow.mp3,Cape Town,2000s
Heavenly Sent,Mi Casa,CapeTown/CapeTownMusic/00s Music/HeavenlySent.mp3,Cape Town,2000s
La Vida,Mi Casa,CapeTown/CapeTownMusic/00s Music/LaVida.mp3,Cape Town,2000s
Alone,Liquideep,CapeTown/CapeTownMusic/00s Music/Alone.mp3,Cape Town,2000s
iPlan,Dlala Thukzin,CapeTown/CapeTownMusic/10s Music/iPlan.mp3,Cape Town,2010s
Abalele,Kabza De Small,CapeTown/CapeTownMusic/10s Music/Abalele.mp3,Cape Town,2010s
Hamba Wena,Deep London,CapeTown/CapeTownMusic/10s Music/HambaWena.mp3,Cape Town,2010s
The Boss,The Braxtons,CapeTown/CapeTownMusic/10s Music/TheBoss.mp3,Cape Town,2010s
Jabba,HHP,CapeTown/CapeTownMusic/10s Music/Jabba.mp3,Cape Town,2010s
Why,Garth Taylor,CapeTown/CapeTownMusic/10s Music/Why.mp3,Cape Town,2010s
Music Sounds Better With You,Stardust,CapeTown/CapeTownMusic/10s Music/MusicSoundsBetterWithYou.mp3,Cape Town,2010s
My Love,Route 94,CapeTown/CapeTownMusic/10s Music/MyLove.mp3,Cape Town,2010s
Prayer in C,Lilly Wood and The Prick,CapeTown/CapeTownMusic/10s Music/PrayerInC.mp3,Cape Town,2010s
Hideaway,Kiesza,CapeTown/CapeTownMusic/10s Music/Hideaway.mp3,Cape Town,2010s
Midas Touch,Midnight Star,Chicago/ChicagoMusic/80s Music/MidasTouch.mp3,Chicago,1980s
Stomp!,The Brother's Johnson,Chicago/ChicagoMusic/80s Music/Stomp!.mp3,Chicago,1980s
Ride On Time,Black Box,Chicago/ChicagoMusic/80s Music/RideOnTime.mp3,Chicago,1980s
Last Night A DJ Saved My Life,Indeep,Chicago/ChicagoMusic/80s Music/LastNightADJSavedMyLife.mp3,Chicago,1980s
I Need Your Lovin,Teena Marie,Chicago/ChicagoMusic/80s Music/INeedYourLovin.mp3,Chicago,1980s
The Perfect Kiss,New Order,Chicago/ChicagoMusic/80s Music/ThePerfectKiss.mp3,Chicago,1980s
Move This,Technotronic,Chicago/ChicagoMusic/80s Music/MoveThis.mp3,Chicago,1980s
Hip Hop Be Bop,Man Parrish,Chicago/ChicagoMusic/80s Music/HipHopBeBop.mp3,Chicago,1980s
Dirty Cash,The Adventures of Stevie V,Chicago/ChicagoMusic/80s Music/DirtyCash.mp3,Chicago,1980s
Sensation,Ron Hardy,Chicago/ChicagoMusic/80s Music/Sensation.mp3,Chicago,1980s
Show Me Love,Robin S,Chicago/ChicagoMusic/90s Music/ShowMeLove.mp3,Chicago,1990s
Missing (Todd Terry Club Mix),Everything But The Girl,Chicago/ChicagoMusic/90s Music/Missing(Todd Terry Club Mix).mp3,Chicago,1990s
Percolator,Cajmere,Chicago/ChicagoMusic/90s Music/Percolator.mp3,Chicago,1990s
Gypsy Woman (She’s Homeless),Crystal Waters,Chicago/ChicagoMusic/90s Music/GypsyWoman.mp3,Chicago,1990s
Dreamer,Livin’ Joy,Chicago/ChicagoMusic/90s Music/Dreamer(2).mp3,Chicago,1990s
Take Me In Your Arms,Lil Suzy,Chicago/ChicagoMusic/90s Music/TakeMeInYourArms.mp3,Chicago,1990s
Finally,CeCe Peniston,Chicago/ChicagoMusic/90s Music/Finally.mp3,Chicago,1990s
The Whistle Song,Frankie Knuckles,Chicago/ChicagoMusic/90s Music/TheWhistleSong.mp3,Chicago,1990s
Too Hot For Love,Stacey Q,Chicago/ChicagoMusic/90s Music/TooHotForLove.mp3,Chicago,1990s
Good Vibrations,Marky Mark And The Funky Bunch,Chicago/ChicagoMusic/90s Music/GoodVibrations.mp3,Chicago,1990s
Lady,Modjo,Chicago/ChicagoMusic/00s Music/Lady.mp3,Chicago,2000s
Be Your Girl,Teedra Moses,Chicago/ChicagoMusic/00s Music/BeYourGirl.mp3,Chicago,2000s
Somethin' Here,Terrence Parker,Chicago/ChicagoMusic/00s Music/SomethinHere.mp3,Chicago,2000s
Dancin,Aaron Smith,Chicago/ChicagoMusic/00s Music/Dancin.mp3,Chicago,2000s
Blackwater,Octave One,Chicago/ChicagoMusic/00s Music/Blackwater.mp3,Chicago,2000s
Tell Me Why,Supermode,Chicago/ChicagoMusic/00s Music/TellMeWhy.mp3,Chicago,2000s
Lola's Theme,The Shapeshifters,Chicago/ChicagoMusic/00s Music/LolasTheme.mp3,Chicago,2000s
The Sun Can't Compare,Larry Heard,Chicago/ChicagoMusic/00s Music/TheSunCantCompare.mp3,Chicago,2000s
So Many Times,Gadjo,Chicago/ChicagoMusic/00s Music/SoManyTimes.mp3,Chicago,2000s
At Night,Shakedown,Chicago/ChicagoMusic/00s Music/AtNight.mp3,Chicago,2000s
Brighter Days,Cajmere,Chicago/ChicagoMusic/10s Music/BrighterDays.mp3,Chicago,2010s
Raingurl,Yaeji,Chicago/ChicagoMusic/10s Music/Raingurl.mp3,Chicago,2010s
Topdown,Channel Tres,Chicago/ChicagoMusic/10s Music/Topdown.mp3,Chicago,2010s
My Forbidden Lover,Tapps,Chicago/ChicagoMusic/10s Music/MyForbiddenLover.mp3,Chicago,2010s
ADD SUV,Uffie,Chicago/ChicagoMusic/10s Music/ADDSUV.mp3,Chicago,2010s
Paris City Jazz,Bellaire,Chicago/ChicagoMusic/10s Music/ParisCityJazz.mp3,Chicago,2010s
Something Here for the Club,Terrence Parker,Chicago/ChicagoMusic/10s Music/SomethingHereForTheClub.mp3,Chicago,2010s
Yolanda,Reality,Chicago/ChicagoMusic/10s Music/Yolanda.mp3,Chicago,2010s
Move Your Body,Tchami,Chicago/ChicagoMusic/10s Music/MoveYourBody.mp3,Chicago,2010s
Doin’ Ya Thang,Oliver Dollar,Chicago/ChicagoMusic/10s Music/DoinYaThang.mp3,Chicago,2010s
Good Life,Inner City,Detroit/DetroitMusic/80s Music/GoodLife.mp3,Detroit,1980s
Just Buggin’,Fast Eddie,Detroit/DetroitMusic/80s Music/JustBuggin.mp3,Detroit,1980s
It’s A Cold World,Frankie Knuckles,Detroit/DetroitMusic/80s Music/ItsAColdWorld.mp3,Detroit,1980s
Your Only Friend,Phuture,Detroit/DetroitMusic/80s Music/YourOnlyFriend.mp3,Detroit,1980s
In A Vision,Virgo Four,Detroit/DetroitMusic/80s Music/InAVision.mp3,Detroit,1980s
Somebody New,MK,Detroit/DetroitMusic/80s Music/SomebodyNew.mp3,Detroit,1980s
Technicolor,Channel One,Detroit/DetroitMusic/80s Music/Technicolor.mp3,Detroit,1980s
Triangle Of Love,K-Reem,Detroit/DetroitMusic/80s Music/TriangleOfLove.mp3,Detroit,1980s
Mood,Symbols And Instruments,Detroit/DetroitMusic/80s Music/Mood.mp3,Detroit,1980s
What About This Love?,Mr. Fingers,Detroit/DetroitMusic/80s Music/WhatAboutThisLove.mp3,Detroit,1980s
I Can’t Kick This Feeling When It Hits,Moodymann,Detroit/DetroitMusic/90s Music/ICantKickThisFeeling.mp3,Detroit,1990s
I’m Lonely,Hollis P. Monroe,Detroit/DetroitMusic/90s Music/ImLonely.mp3,Detroit,1990s
See U No Mo,DJ Godfather,Detroit/DetroitMusic/90s Music/SeeUNoMo.mp3,Detroit,1990s
Only Love Can Break Your Heart,Saint Etienne,Detroit/DetroitMusic/90s Music/OnlyLoveCanBreakYourHeart.mp3,Detroit,1990s
My Joy,Quentin Harris,Detroit/DetroitMusic/90s Music/MyJoy.mp3,Detroit,1990s
Throw Your Hands Up,313 Bass Mechanics,Detroit/DetroitMusic/90s Music/ThrowYourHandsUp.mp3,Detroit,1990s
That Man (He’s All Mine),Inner City,Detroit/DetroitMusic/90s Music/ThatMan.mp3,Detroit,1990s
Missing You,Larry Heard,Detroit/DetroitMusic/90s Music/MissingYou.mp3,Detroit,1990s
Workout,Frankie Knuckles,Detroit/DetroitMusic/90s Music/Workout.mp3,Detroit,1990s
Closer,Mr. Fingers,Detroit/DetroitMusic/90s Music/Closer.mp3,Detroit,1990s
Hi-tech Jazz,Galaxy 2 Galaxy,Detroit/DetroitMusic/00s Music/HiTechJazz.mp3,Detroit,2000s
Traveling,Quentin Harris,Detroit/DetroitMusic/00s Music/Traveling.mp3,Detroit,2000s
Don’t You Want My Love,Moodymann,Detroit/DetroitMusic/00s Music/DontYouWantMyLove.mp3,Detroit,2000s
Is It Cool,Andres,Detroit/DetroitMusic/00s Music/IsItCool.mp3,Detroit,2000s
A Walk in the Park,DJ Minx,Detroit/DetroitMusic/00s Music/AWalkInThePark.mp3,Detroit,2000s
Lake Shore Drive,Theo Parrish,Detroit/DetroitMusic/00s Music/LakeShoreDrive.mp3,Detroit,2000s
Momma’s Groove,Osunlade,Detroit/DetroitMusic/00s Music/MommasGroove.mp3,Detroit,2000s
Down,Aaron Carl,Detroit/DetroitMusic/00s Music/Down.mp3,Detroit,2000s
Love’s Got Me High,Terrence Parker,Detroit/DetroitMusic/00s Music/LovesGotMeHigh.mp3,Detroit,2000s
"My Soul, My Spirit",Mike Grant,Detroit/DetroitMusic/00s Music/MySoulMySpirit.mp3,Detroit,2000s
Just A Player,Andres,Detroit/DetroitMusic/10s Music/JustAPlayer.mp3,Detroit,2010s
Shinjuku Strut,Rick Wade,Detroit/DetroitMusic/10s Music/ShinjukuStrut.mp3,Detroit,2010s
Lyk U Use 2,Moodymann,Detroit/DetroitMusic/10s Music/LykUUse2.mp3,Detroit,2010s
Twisted Disco 77,Terrence Parker,Detroit/DetroitMusic/10s Music/TwistedDisco77.mp3,Detroit,2010s
L.O.V.E,Motor City Drum Ensemble,Detroit/DetroitMusic/10s Music/LOVE.mp3,Detroit,2010s
I Just Wanna Tell,Waajeed,Detroit/DetroitMusic/10s Music/IJustWannaTell.mp3,Detroit,2010s
You Want Me (Never),Marcellus Pittman,Detroit/DetroitMusic/10s Music/YouWantMeNever.mp3,Detroit,2010s
Shake a Lil Faster,Detroit In Effect,Detroit/DetroitMusic/10s Music/ShakeALilFaster.mp3,Detroit,2010s
Track 39,LADYMONIX,Detroit/DetroitMusic/10s Music/Track39.mp3,Detroit,2010s
The Break Up,Dam Swindle,Detroit/DetroitMusic/10s Music/TheBreakUp.mp3,Detroit,2010s
Your Love,The Outfield,Ibiza/IbizaMusic/80s Music/YourLove.mp3,Ibiza,1980s
Pump Up The Jam,Technotronic,Ibiza/IbizaMusic/80s Music/PumpUpTheJam.mp3,Ibiza,1980s
Don’t You Want Me,The Human League,Ibiza/IbizaMusic/80s Music/DontYouWantMe.mp3,Ibiza,1980s
Sweet Dreams (Are Made Of This),Eurythmics,Ibiza/IbizaMusic/80s Music/SweetDreams.mp3,Ibiza,1980s
Somebody’s Watching Me,Rockwell!,Ibiza/IbizaMusic/80s Music/SomebodysWatchingMe.mp3,Ibiza,1980s
Bring The Noise,Public Enemy,Ibiza/IbizaMusic/80s Music/BringTheNoise.mp3,Ibiza,1980s
Take Me Up,Ralphi Rosario,Ibiza/IbizaMusic/80s Music/TakeMeUp.mp3,Ibiza,1980s
It’s a War,Kano,Ibiza/IbizaMusic/80s Music/ItsAWar.mp3,Ibiza,1980s
Push It(Again),Salt-N-Pepa,Ibiza/IbizaMusic/80s Music/PushItAgain.mp3,Ibiza,1980s
Never Let Me Down Again,Depeche Mode,Ibiza/IbizaMusic/80s Music/NeverLetMeDownAgain.mp3,Ibiza,1980s
Pasilda,Afro Medusa,Ibiza/IbizaMusic/90s Music/Pasilda.mp3,Ibiza,1990s
You Don’t Know Me,Armand Van Helden,Ibiza/IbizaMusic/90s Music/YouDontKnowMe.mp3,Ibiza,1990s
Music Sounds Better With You,Stardust,Ibiza/IbizaMusic/90s Music/MusicSoundsBetterWithYou.mp3,Ibiza,1990s
Music Is Pumping,People Underground,Ibiza/IbizaMusic/90s Music/MusicIsPumping.mp3,Ibiza,1990s
Big Love,Pete Heller,Ibiza/IbizaMusic/90s Music/BigLove.mp3,Ibiza,1990s
Can’t Get Enough!,Soulsearcher,Ibiza/IbizaMusic/90s Music/CantGetEnough.mp3,Ibiza,1990s
My Feeling,Junior Jack,Ibiza/IbizaMusic/90s Music/MyFeeling.mp3,Ibiza,1990s
Sing It Back,Moloko,Ibiza/IbizaMusic/90s Music/SingItBack.mp3,Ibiza,1990s
Gotta Let You Go,Dominica,Ibiza/IbizaMusic/90s Music/GottaLetYouGo.mp3,Ibiza,1990s
Believe,Ministers de la Funk,Ibiza/IbizaMusic/90s Music/Believe.mp3,Ibiza,1990s
World Hold On (Children of the Sky),Bob Sinclar,Ibiza/IbizaMusic/00s Music/WorldHoldOn.mp3,Ibiza,2000s
Let Me Think About It,Ida Corr,Ibiza/IbizaMusic/00s Music/LetMeThinkAboutIt.mp3,Ibiza,2000s
Where’s Your Head At,Basement Jaxx,Ibiza/IbizaMusic/00s Music/WheresYourHeadAt.mp3,Ibiza,2000s
Lola’s Theme,The Shapeshifters,Ibiza/IbizaMusic/00s Music/LolasTheme.mp3,Ibiza,2000s
Call On Me,Eric Prydz,Ibiza/IbizaMusic/00s Music/CallOnMe.mp3,Ibiza,2000s
So Many Times,Gadjo,Ibiza/IbizaMusic/00s Music/SoManyTimes.mp3,Ibiza,2000s
It Just Won’t Do,Tim Deluxe,Ibiza/IbizaMusic/00s Music/ItJustWontDo.mp3,Ibiza,2000s
One More Time,Daft Punk,Ibiza/IbizaMusic/00s Music/OneMoreTime.mp3,Ibiza,2000s
Feel My Needs,WEISS,Ibiza/IbizaMusic/00s Music/FeelMyNeeds.mp3,Ibiza,2000s
At Night,Shakedown,Ibiza/IbizaMusic/00s Music/AtNight.mp3,Ibiza,2000s
I Adore You,HUGEL,Ibiza/IbizaMusic/10s Music/IAdoreYou.mp3,Ibiza,2010s
Deep Down,Alok,Ibiza/IbizaMusic/10s Music/DeepDown.mp3,Ibiza,2010s
Waiting for Tonight,Jennifer Lopez,Ibiza/IbizaMusic/10s Music/WaitingForTonight.mp3,Ibiza,2010s
La Danza,John Summit,Ibiza/IbizaMusic/10s Music/LaDanza.mp3,Ibiza,2010s
The Cure & The Cause,Fish Go Deep,Ibiza/IbizaMusic/10s Music/TheCureAndTheCause.mp3,Ibiza,2010s
Finally,Kings Of Tomorrow,Ibiza/IbizaMusic/10s Music/Finally.mp3,Ibiza,2010s
Yeah The Girls,FISHER,Ibiza/IbizaMusic/10s Music/YeahTheGirls.mp3,Ibiza,2010s
La Musa,Jamie Jones,Ibiza/IbizaMusic/10s Music/LaMusa.mp3,Ibiza,2010s
Push The Feeling On,Nightcrawlers,Ibiza/IbizaMusic/10s Music/PushTheFeelingOn.mp3,Ibiza,2010s
God Made Me Phunky,MD X-Spress,Ibiza/IbizaMusic/10s Music/GodMadeMePhunky.mp3,Ibiza,2010s
Dreamer,Livin’ Joy,Johannesburg/JohannesburgMusic/80s Music/Dreamer.mp3,Johannesburg,1980s
You Don’t Know Me,Armand Van Helden,Johannesburg/JohannesburgMusic/80s Music/YouDontKnowMe.mp3,Johannesburg,1980s
Don’t Give Me Your Life,Alex Party,Johannesburg/JohannesburgMusic/80s Music/DontGiveMeYourLife.mp3,Johannesburg,1980s
Welcome to Tomorrow (Are You Ready),SNAP!,Johannesburg/JohannesburgMusic/80s Music/WelcomeToTomorrow.mp3,Johannesburg,1980s
Ecuador,Sash!,Johannesburg/JohannesburgMusic/80s Music/Ecuador.mp3,Johannesburg,1980s
I Like To Move It,Reel 2 Real,Johannesburg/JohannesburgMusic/80s Music/ILikeToMoveIt.mp3,Johannesburg,1980s
King Of My Castle,Wamdue Project,Johannesburg/JohannesburgMusic/80s Music/KingOfMyCastle.mp3,Johannesburg,1980s
Pump Up The Jam,Technotronic,Johannesburg/JohannesburgMusic/80s Music/PumpUpTheJam.mp3,Johannesburg,1980s
Get Up (Before The Night Is Over),Technotronic,Johannesburg/JohannesburgMusic/80s Music/GetUp.mp3,Johannesburg,1980s
Venus,Bananarama,Johannesburg/JohannesburgMusic/80s Music/Venus.mp3,Johannesburg,1980s
"Boom, Boom, Boom, Boom!",Vengaboys,Johannesburg/JohannesburgMusic/90s Music/BoomBoomBoomBoom.mp3,Johannesburg,1990s
1999,Prince,Johannesburg/JohannesburgMusic/90s Music/1999.mp3,Johannesburg,1990s
Bla Bla Bla,Gigi D’Agostino,Johannesburg/JohannesburgMusic/90s Music/BlaBlaBla.mp3,Johannesburg,1990s
Around the World,Daft Punk,Johannesburg/JohannesburgMusic/90s Music/AroundTheWorld.mp3,Johannesburg,1990s
That’s the Way It Is,Mel & Kim,Johannesburg/JohannesburgMusic/90s Music/ThatsTheWayItIs.mp3,Johannesburg,1990s
The Nighttrain,Kadoc,Johannesburg/JohannesburgMusic/90s Music/TheNighttrain.mp3,Johannesburg,1990s
Cheri Cheri Lady,Modern Talking,Johannesburg/JohannesburgMusic/90s Music/CheriCheriLady.mp3,Johannesburg,1990s
I Don’t Know Anybody Else,Black Box,Johannesburg/JohannesburgMusic/90s Music/IDontKnowAnybodyElse.mp3,Johannesburg,1990s
Need You Tonight,INXS,Johannesburg/JohannesburgMusic/90s Music/NeedYouTonight.mp3,Johannesburg,1990s
Hot Water,Level 42,Johannesburg/JohannesburgMusic/90s Music/HotWater.mp3,Johannesburg,1990s
Wena Ng’hamba Nawe,DJ Cleo,Johannesburg/JohannesburgMusic/00s Music/WenaNgHambaNawe.mp3,Johannesburg,2000s
Sweety Ma Baby,Brickz,Johannesburg/JohannesburgMusic/00s Music/SweetyMaBaby.mp3,Johannesburg,2000s
Sister Bethina,Mgarimbe,Johannesburg/JohannesburgMusic/00s Music/SisterBethina.mp3,Johannesburg,2000s
Superman,Black Coffee,Johannesburg/JohannesburgMusic/00s Music/Superman.mp3,Johannesburg,2000s
We Dance Again,Black Coffee,Johannesburg/JohannesburgMusic/00s Music/WeDanceAgain.mp3,Johannesburg,2000s
Club Controller,Prince Kaybee,Johannesburg/JohannesburgMusic/00s Music/ClubController.mp3,Johannesburg,2000s
Kwela Kwela,Mafikizolo,Johannesburg/JohannesburgMusic/00s Music/KwelaKwela.mp3,Johannesburg,2000s
Buya,Black Coffee,Johannesburg/JohannesburgMusic/00s Music/Buya.mp3,Johannesburg,2000s
Moving on Up,M People,Johannesburg/JohannesburgMusic/00s Music/MovingOnUp.mp3,Johannesburg,2000s
No Limit,2 Unlimited,Johannesburg/JohannesburgMusic/00s Music/NoLimit.mp3,Johannesburg,2000s
Osisi Bendawo,Big Nuz,Johannesburg/JohannesburgMusic/10s Music/OsisiBendawo.mp3,Johannesburg,2010s
Fairytale,Farah,Johannesburg/JohannesburgMusic/10s Music/Fairytale.mp3,Johannesburg,2010s
In Common,Alicia Keys,Johannesburg/JohannesburgMusic/10s Music/InCommon.mp3,Johannesburg,2010s
Wish You Were Here,Black Coffee,Johannesburg/JohannesburgMusic/10s Music/WishYouWereHere.mp3,Johannesburg,2010s
My Dali,TNS,Johannesburg/JohannesburgMusic/10s Music/MyDali.mp3,Johannesburg,2010s
Sondela,TRESOR,Johannesburg/JohannesburgMusic/10s Music/Sondela.mp3,Johannesburg,2010s
Fetch Your Life,Prince Kaybee,Johannesburg/JohannesburgMusic/10s Music/FetchYourLife.mp3,Johannesburg,2010s
Your Eyes,Hart & Neenan,Johannesburg/JohannesburgMusic/10s Music/YourEyes.mp3,Johannesburg,2010s
Drummotions,Caiiro,Johannesburg/JohannesburgMusic/10s Music/Drummotions.mp3,Johannesburg,2010s
Inde,Heavy-K,Johannesburg/JohannesburgMusic/10s Music/Inde.mp3,Johannesburg,2010s
Sweet Mother,Prince Nico Mbarga,Lagos/LagosMusic/80s Music/SweetMother.mp3,Lagos,1980s
Time Na Money,Mike Okri,Lagos/LagosMusic/80s Music/TimeNaMoney.mp3,Lagos,1980s
Bang Belly,Blackky,Lagos/LagosMusic/80s Music/BangBelly.mp3,Lagos,1980s
Dancing In The Sun,Onyeka Onwenu,Lagos/LagosMusic/80s Music/DancingInTheSun.mp3,Lagos,1980s
So Long,Majek Fashek,Lagos/LagosMusic/80s Music/SoLong.mp3,Lagos,1980s
Wonder Wonder,Femi Kuti,Lagos/LagosMusic/80s Music/WonderWonder.mp3,Lagos,1980s
Fall In Love,D’banj,Lagos/LagosMusic/80s Music/FallInLove.mp3,Lagos,1980s
Ririovara (Dry Your Tears),Evi-Edna Ogholi,Lagos/LagosMusic/80s Music/Ririovara.mp3,Lagos,1980s
Sakomo,Remedies,Lagos/LagosMusic/80s Music/Sakomo.mp3,Lagos,1980s
My Sweety My Sugar (Let Me Love You),Bunny Mack,Lagos/LagosMusic/80s Music/MySweetyMySugar.mp3,Lagos,1980s
Olufunmi,Styl-Plus,Lagos/LagosMusic/90s Music/Olufunmi.mp3,Lagos,1990s
Ego,Djinee,Lagos/LagosMusic/90s Music/Ego.mp3,Lagos,1990s
You Bad,Wande Coal,Lagos/LagosMusic/90s Music/YouBad.mp3,Lagos,1990s
Kpolongo,Danfo Drivers,Lagos/LagosMusic/90s Music/Kpolongo.mp3,Lagos,1990s
Osondi Owendi,Mc Loph,Lagos/LagosMusic/90s Music/OsondiOwendi.mp3,Lagos,1990s
Ijoya,Weird MC,Lagos/LagosMusic/90s Music/Ijoya.mp3,Lagos,1990s
Kukere,Iyanya,Lagos/LagosMusic/90s Music/Kukere.mp3,Lagos,1990s
Ara,Brymo,Lagos/LagosMusic/90s Music/Ara.mp3,Lagos,1990s
Kolomental,Faze,Lagos/LagosMusic/90s Music/Kolomental.mp3,Lagos,1990s
Oyi,Flavour,Lagos/LagosMusic/90s Music/Oyi.mp3,Lagos,1990s
Ada Ada,Flavour,Lagos/LagosMusic/00s Music/AdaAda.mp3,Lagos,2000s
Personally,P Square,Lagos/LagosMusic/00s Music/Personally.mp3,Lagos,2000s
Remember Last Night,Kondo,Lagos/LagosMusic/00s Music/RememberLastNight.mp3,Lagos,2000s
African Queen,2Baba,Lagos/LagosMusic/00s Music/AfricanQueen.mp3,Lagos,2000s
See Me So,2Face,Lagos/LagosMusic/00s Music/SeeMeSo.mp3,Lagos,2000s
No One Like U,P-Square,Lagos/LagosMusic/00s Music/NoOneLikeU.mp3,Lagos,2000s
We Don’t Care,Audio Bullys,Lagos/LagosMusic/00s Music/WeDontCare.mp3,Lagos,2000s
Kedu America-Greetings From America,Chief Stephen Osita Osadebe,Lagos/LagosMusic/00s Music/KeduAmerica.mp3,Lagos,2000s
My Dear,Musiliu Haruna Ishola,Lagos/LagosMusic/00s Music/MyDear.mp3,Lagos,2000s
Super Afro,Culoe De Song,Lagos/LagosMusic/00s Music/SuperAfro.mp3,Lagos,2000s
Pasilda,Afro Medusa,Lagos/LagosMusic/10s Music/Pasilda.mp3,Lagos,2010s
Move,Adam Port,Lagos/LagosMusic/10s Music/Move.mp3,Lagos,2010s
Yamore,MoBlack,Lagos/LagosMusic/10s Music/Yamore.mp3,Lagos,2010s
Jump,Levi,Lagos/LagosMusic/10s Music/Jump.mp3,Lagos,2010s
Relax My Eyes,ANOTR,Lagos/LagosMusic/10s Music/RelaxMyEyes.mp3,Lagos,2010s
The Rapture Pt.III,&ME,Lagos/LagosMusic/10s Music/TheRapturePtIII.mp3,Lagos,2010s
DO 4 LOVE,Snoh Aalegra,Lagos/LagosMusic/10s Music/DO4LOVE.mp3,Lagos,2010s
A Fire Inside Of Me,Lucas Dekker,Lagos/LagosMusic/10s Music/AFireInsideOfMe.mp3,Lagos,2010s
Kongo,Kolinga,Lagos/LagosMusic/10s Music/Kongo.mp3,Lagos,2010s
Alegria,ARYMÉ,Lagos/LagosMusic/10s Music/Algeria.mp3,Lagos,2010s
French Kiss,Lil’ Louis,LosAngeles/LosAngelesMusic/80s Music/FrenchKiss.mp3,Los Angeles,1980s
Voodoo Ray,A Guy Called Gerald,LosAngeles/LosAngelesMusic/80s Music/VoodooRay.mp3,Los Angeles,1980s
Pacific State,808 State,LosAngeles/LosAngelesMusic/80s Music/PacificState.mp3,Los Angeles,1980s
Jack Your Body,Steve “Silk” Hurley,LosAngeles/LosAngelesMusic/80s Music/JackYourBody.mp3,Los Angeles,1980s
Move Your Body,Marshall Jefferson,LosAngeles/LosAngelesMusic/80s Music/MoveYourBody.mp3,Los Angeles,1980s
Big Fun,Inner City,LosAngeles/LosAngelesMusic/80s Music/BigFun.mp3,Los Angeles,1980s
Ride on Time,Black Box,LosAngeles/LosAngelesMusic/80s Music/RideOnTime.mp3,Los Angeles,1980s
Show Me Love,Robin S,LosAngeles/LosAngelesMusic/80s Music/ShowMeLove.mp3,Los Angeles,1980s
Strings of Life,Derrick May,LosAngeles/LosAngelesMusic/80s Music/StringsOfLife.mp3,Los Angeles,1980s
Rhythm Is a Dancer,SNAP!,LosAngeles/LosAngelesMusic/80s Music/RhythmIsADancer.mp3,Los Angeles,1980s
One More Time,Daft Punk,LosAngeles/LosAngelesMusic/90s Music/OneMoreTime.mp3,Los Angeles,1990s
Porcelain,Moby,LosAngeles/LosAngelesMusic/90s Music/Porcelain.mp3,Los Angeles,1990s
Born Slippy (Nuxx),Underworld,LosAngeles/LosAngelesMusic/90s Music/BornSlippy.mp3,Los Angeles,1990s
Natural Blues,Moby,LosAngeles/LosAngelesMusic/90s Music/NaturalBlues.mp3,Los Angeles,1990s
Galvanize,The Chemical Brothers,LosAngeles/LosAngelesMusic/90s Music/Galvanize.mp3,Los Angeles,1990s
Out Of Space,The Prodigy,LosAngeles/LosAngelesMusic/90s Music/OutOfSpace.mp3,Los Angeles,1990s
Groove Is in the Heart,Deee-Lite,LosAngeles/LosAngelesMusic/90s Music/GrooveIsInTheHeart.mp3,Los Angeles,1990s
100% Pure Love,Crystal Waters,LosAngeles/LosAngelesMusic/90s Music/100PercentPureLove.mp3,Los Angeles,1990s
Everybody Everybody,Black Box,LosAngeles/LosAngelesMusic/90s Music/EverybodyEverybody.mp3,Los Angeles,1990s
Vogue,Madonna,LosAngeles/LosAngelesMusic/90s Music/Vogue.mp3,Los Angeles,1990s
"Harder, Better, Faster, Stronger",Daft Punk,LosAngeles/LosAngelesMusic/00s Music/HarderBetterFasterStronger.mp3,Los Angeles,2000s
Sweet Disposition,The Temper Trap,LosAngeles/LosAngelesMusic/00s Music/SweetDisposition.mp3,Los Angeles,2000s
The Weekend,Michael Gray,LosAngeles/LosAngelesMusic/00s Music/TheWeekend.mp3,Los Angeles,2000s
Heads Will Roll,Yeah Yeah Yeahs,LosAngeles/LosAngelesMusic/00s Music/HeadsWillRoll.mp3,Los Angeles,2000s
Bulletproof,La Roux,LosAngeles/LosAngelesMusic/00s Music/Bulletproof.mp3,Los Angeles,2000s
World Hold On,Bob Sinclar,LosAngeles/LosAngelesMusic/00s Music/WorldHoldOn.mp3,Los Angeles,2000s
Tell Me Why,Supermode,LosAngeles/LosAngelesMusic/00s Music/TellMeWhy.mp3,Los Angeles,2000s
Let Me Think About It,Ida Corr,LosAngeles/LosAngelesMusic/00s Music/LetMeThinkAboutIt.mp3,Los Angeles,2000s
My My My,Armand Van Helden,LosAngeles/LosAngelesMusic/00s Music/MyMyMy.mp3,Los Angeles,2000s
Memories,David Guetta,LosAngeles/LosAngelesMusic/00s Music/Memories.mp3,Los Angeles,2000s
Chunky,Format:B,LosAngeles/LosAngelesMusic/10s Music/Chunky.mp3,Los Angeles,2010s
Spectrum,Zedd,LosAngeles/LosAngelesMusic/10s Music/Spectrum.mp3,Los Angeles,2010s
Talk To Me You’ll Understand,Ross from Friends,LosAngeles/LosAngelesMusic/10s Music/TalkToMe.mp3,Los Angeles,2010s
Bounce,Calvin Harris,LosAngeles/LosAngelesMusic/10s Music/Bounce.mp3,Los Angeles,2010s
Techno Disco Tool,Mella Dee,LosAngeles/LosAngelesMusic/10s Music/TechnoDiscoTool.mp3,Los Angeles,2010s
Go Bang,PNAU,LosAngeles/LosAngelesMusic/10s Music/GoBang.mp3,Los Angeles,2010s
Vision,Palace,LosAngeles/LosAngelesMusic/10s Music/Vision.mp3,Los Angeles,2010s
My Love,"Route 94, Jess Glynne",LosAngeles/LosAngelesMusic/10s Music/MyLove.mp3,Los Angeles,2010s
The Days,Chrystal,LosAngeles/LosAngelesMusic/10s Music/TheDays.mp3,Los Angeles,2010s
So Hooked On Your Lovin,Selace,LosAngeles/LosAngelesMusic/10s Music/SoHookedOnYourLovin.mp3,Los Angeles,2010s
I’ll House You,Jungle Brothers,NewYork/NewYorkMusic/80s Music/IllHouseYou.mp3,New York,1980s
Moody,ESG,NewYork/NewYorkMusic/80s Music/Moody.mp3,New York,1980s
Devotion,Ten City,NewYork/NewYorkMusic/80s Music/Devotion.mp3,New York,1980s
Bango (To the Batmobile),The Todd Terry Project,NewYork/NewYorkMusic/80s Music/BangoToTheBatmobile.mp3,New York,1980s
Deep In Vogue,Malcolm McLaren,NewYork/NewYorkMusic/80s Music/DeepInVogue.mp3,New York,1980s
Can You Party,Royal House,NewYork/NewYorkMusic/80s Music/CanYouParty.mp3,New York,1980s
Come into My House,Queen Latifah,NewYork/NewYorkMusic/80s Music/ComeIntoMyHouse.mp3,New York,1980s
You Used to Hold Me,Ralphi Rosario,NewYork/NewYorkMusic/80s Music/YouUsedToHoldMe.mp3,New York,1980s
Notice Me,Sandee,NewYork/NewYorkMusic/80s Music/NoticeMe.mp3,New York,1980s
Reachin’,Phase II,NewYork/NewYorkMusic/80s Music/Reachin.mp3,New York,1980s
Can You Feel It,Mr. Fingers,NewYork/NewYorkMusic/90s Music/CanYouFeelIt.mp3,New York,1990s
French Kiss,Lil’ Louis,NewYork/NewYorkMusic/90s Music/FrenchKiss.mp3,New York,1990s
Deep Inside,Hardrive,NewYork/NewYorkMusic/90s Music/DeepInside.mp3,New York,1990s
"It’s Alright, I Feel It",Nuyorican Soul,NewYork/NewYorkMusic/90s Music/ItsAlrightIFeelIt.mp3,New York,1990s
Tears,Frankie Knuckles,NewYork/NewYorkMusic/90s Music/Tears.mp3,New York,1990s
Promised Land,Joe Smooth,NewYork/NewYorkMusic/90s Music/PromisedLand.mp3,New York,1990s
APT.3A,N.Y. House’n Authority,NewYork/NewYorkMusic/90s Music/APT3A.mp3,New York,1990s
Let’s Go,Fast Eddie,NewYork/NewYorkMusic/90s Music/LetsGo.mp3,New York,1990s
Music Is the Answer,Colonel Abrams,NewYork/NewYorkMusic/90s Music/MusicIsTheAnswer.mp3,New York,1990s
Angel Eyes,Lime,NewYork/NewYorkMusic/90s Music/AngelEyes.mp3,New York,1990s
Hello,Martin Solveig,NewYork/NewYorkMusic/00s Music/Hello.mp3,New York,2000s
Blind,Hercules & Love Affair,NewYork/NewYorkMusic/00s Music/Blind.mp3,New York,2000s
Feelin’ Hypnotized,Colette,NewYork/NewYorkMusic/00s Music/FeelinHypnotized.mp3,New York,2000s
Only in New York,Demon Ritchie,NewYork/NewYorkMusic/00s Music/OnlyInNewYork.mp3,New York,2000s
A Day in the Life,Black Riot,NewYork/NewYorkMusic/00s Music/ADayInTheLife.mp3,New York,2000s
Cross the Dancefloor,Treasure Fingers,NewYork/NewYorkMusic/00s Music/CrossTheDancefloor.mp3,New York,2000s
Party People,Todd Terry,NewYork/NewYorkMusic/00s Music/PartyPeople.mp3,New York,2000s
Wednesday Night People,Moodymann,NewYork/NewYorkMusic/00s Music/WednesdayNightPeople.mp3,New York,2000s
Frank Sinatra 2001,Miss Kittin,NewYork/NewYorkMusic/00s Music/FrankSinatra2001.mp3,New York,2000s
New York House,Jellybean,NewYork/NewYorkMusic/00s Music/NewYorkHouse.mp3,New York,2000s
New York Is Alright,TV Baby,NewYork/NewYorkMusic/10s Music/NewYorkIsAlright.mp3,New York,2010s
The Ghetto,Donny Hathaway,NewYork/NewYorkMusic/10s Music/TheGhetto.mp3,New York,2010s
The Warning,Logic,NewYork/NewYorkMusic/10s Music/TheWarning.mp3,New York,2010s
The Cure & The Cause,Fish Go Deep,NewYork/NewYorkMusic/10s Music/TheCureAndTheCause.mp3,New York,2010s
Can’t Stop,Kings Of Tomorrow,NewYork/NewYorkMusic/10s Music/CantStop.mp3,New York,2010s
NYC Beat,Armand Van Helden,NewYork/NewYorkMusic/10s Music/NYCBeat.mp3,New York,2010s
The Renegade,Friend Within,NewYork/NewYorkMusic/10s Music/TheRenegade.mp3,New York,2010s
It’s Yours,Jon Cutler,NewYork/NewYorkMusic/10s Music/ItsYours.mp3,New York,2010s
To Be In Love,Masters At Work,NewYork/NewYorkMusic/10s Music/ToBeInLove.mp3,New York,2010s
Sunday Shoutin’,Johnny Corporate,NewYork/NewYorkMusic/10s Music/SundayShoutin.mp3,New York,2010s
Mourir sur scène,Dalida,Paris/ParisMusic/80s Music/MourirSurScene.mp3,Paris,1980s
Paris Latino,Bandolero,Paris/ParisMusic/80s Music/ParisLatino.mp3,Paris,1980s
Deep in Vogue,Malcolm McLaren,Paris/ParisMusic/80s Music/DeepInVogue.mp3,Paris,1980s
She Can’t Love You,Chemise,Paris/ParisMusic/80s Music/SheCantLoveYou.mp3,Paris,1980s
Talkin’ All That Jazz,Stetsasonic,Paris/ParisMusic/80s Music/TalkinAllThatJazz.mp3,Paris,1980s
Ride on Time,Black Box,Paris/ParisMusic/80s Music/RideOnTime.mp3,Paris,1980s
Paradis,Alain Chamfort,Paris/ParisMusic/80s Music/Paradis.mp3,Paris,1980s
Is It All over My Face?,Loose Joints,Paris/ParisMusic/80s Music/IsItAllOverMyFace.mp3,Paris,1980s
A.I.E.,La Compagnie Créole,Paris/ParisMusic/80s Music/AIE.mp3,Paris,1980s
Smalltown Boy (Arnaud Rebotini Remix),Bronski Beat,Paris/ParisMusic/80s Music/SmalltownBoyRemix.mp3,Paris,1980s
Feeling for You,Cassius,Paris/ParisMusic/90s Music/FeelingForYou.mp3,Paris,1990s
Pasilda,Afro Medusa,Paris/ParisMusic/90s Music/Pasilda.mp3,Paris,1990s
The Bomb (These Sounds Fall Into My Mind),The Bucketheads,Paris/ParisMusic/90s Music/TheBomb.mp3,Paris,1990s
Get Get Down,Paul Johnson,Paris/ParisMusic/90s Music/GetGetDown.mp3,Paris,1990s
Push The Feeling On,Nightcrawlers,Paris/ParisMusic/90s Music/PushTheFeelingOn.mp3,Paris,1990s
Now or Never,Tom Novy,Paris/ParisMusic/90s Music/NowOrNever.mp3,Paris,1990s
Lucky Star,Superfunk,Paris/ParisMusic/90s Music/LuckyStar.mp3,Paris,1990s
You Are My High,Demon,Paris/ParisMusic/90s Music/YouAreMyHigh.mp3,Paris,1990s
Prix choc,Étienne de Crécy,Paris/ParisMusic/90s Music/PrixChoc.mp3,Paris,1990s
It’s a Rainy Day,Ice Mc,Paris/ParisMusic/90s Music/ItsARainyDay.mp3,Paris,1990s
D.A.N.C.E,Justice,Paris/ParisMusic/00s Music/DANCE.mp3,Paris,2000s
Veridis Quo,Daft Punk,Paris/ParisMusic/00s Music/VeridisQuo.mp3,Paris,2000s
Acknowledgement,Modjo,Paris/ParisMusic/00s Music/Acknowledgement.mp3,Paris,2000s
Toop Toop,Cassius,Paris/ParisMusic/00s Music/ToopToop.mp3,Paris,2000s
Glamour Girl,Louie Austen,Paris/ParisMusic/00s Music/GlamourGirl.mp3,Paris,2000s
Frank Sinatra 2001,Miss Kittin,Paris/ParisMusic/00s Music/FrankSinatra2001.mp3,Paris,2000s
Boogie No More,Richard Dorfmeister,Paris/ParisMusic/00s Music/BoogieNoMore.mp3,Paris,2000s
Poison Lips,Vitalic,Paris/ParisMusic/00s Music/PoisonLips.mp3,Paris,2000s
A New Error,Moderat,Paris/ParisMusic/00s Music/ANewError.mp3,Paris,2000s
Pocket Piano,DJ Mehdi,Paris/ParisMusic/00s Music/PocketPiano.mp3,Paris,2000s
Lovin’ Feeling,French 79,Paris/ParisMusic/10s Music/LovinFeeling.mp3,Paris,2010s
Paris City Jazz,Bellaire,Paris/ParisMusic/10s Music/ParisCityJazz.mp3,Paris,2010s
SHE,The Blaze,Paris/ParisMusic/10s Music/SHE.mp3,Paris,2010s
Feel Your Weight,Rhye,Paris/ParisMusic/10s Music/FeelYourWeight.mp3,Paris,2010s
Kongo,Kolinga,Paris/ParisMusic/10s Music/Kongo.mp3,Paris,2010s
Paradis bleu,Revers Gagnant,Paris/ParisMusic/10s Music/ParadisBleu.mp3,Paris,2010s
Alors on Danse,Stromae,Paris/ParisMusic/10s Music/AlorsOnDanse.mp3,Paris,2010s
Hot Hands,Darius,Paris/ParisMusic/10s Music/HotHands.mp3,Paris,2010s
Toi Et Moi,Paradis,Paris/ParisMusic/10s Music/ToiEtMoi.mp3,Paris,2010s
Be Mine,Ofenbach,Paris/ParisMusic/10s Music/BeMine.mp3,Paris,2010s
I’ll House You,Jungle Brothers,Rio/RioMusic/80s Music/IllHouseYou.mp3,Rio De Janeiro,1980s
Estrelar,Marcos Valle,Rio/RioMusic/80s Music/Estrelar.mp3,Rio De Janeiro,1980s
Do You Wanna Dance,Bad Boy Orchestra,Rio/RioMusic/80s Music/DoYouWannaDance.mp3,Rio De Janeiro,1980s
Mas Que Nada,Luis Gonzales Compania,Rio/RioMusic/80s Music/MasQueNada.mp3,Rio De Janeiro,1980s
Hungry For Your Love,Hanson & Davis,Rio/RioMusic/80s Music/HungryForYourLove.mp3,Rio De Janeiro,1980s
Dreamin’,Will To Power,Rio/RioMusic/80s Music/Dreamin.mp3,Rio De Janeiro,1980s
Virgencita,Johnny Pacheco,Rio/RioMusic/80s Music/Virgencita.mp3,Rio De Janeiro,1980s
Parapapapapa,La Banda Musica,Rio/RioMusic/80s Music/Parapapapapa.mp3,Rio De Janeiro,1980s
Azul,Gal Costa,Rio/RioMusic/80s Music/Azul.mp3,Rio De Janeiro,1980s
Al - Naafyish,Hashim,Rio/RioMusic/80s Music/AlNaafyish.mp3,Rio De Janeiro,1980s
Quien Tu Te Crees?,BCN Orchestra,Rio/RioMusic/90s Music/QuienTuTeCrees.mp3,Rio De Janeiro,1990s
Pasilda,Afro Medusa,Rio/RioMusic/90s Music/Pasilda.mp3,Rio De Janeiro,1990s
Tiburon,Proyecto Uno,Rio/RioMusic/90s Music/Tiburon.mp3,Rio De Janeiro,1990s
Samba de Janeiro,Bellini,Rio/RioMusic/90s Music/SambaDeJaneiro.mp3,Rio De Janeiro,1990s
Robi-Rob’s Boriqua Anthem,El General,Rio/RioMusic/90s Music/RobiRobsBoriquaAnthem.mp3,Rio De Janeiro,1990s
Esa Morena,Dj Laz,Rio/RioMusic/90s Music/EsaMorena.mp3,Rio De Janeiro,1990s
Tumba La Casa,Sancocho,Rio/RioMusic/90s Music/TumbaLaCasa.mp3,Rio De Janeiro,1990s
Do You Miss Me,Jocelyn Enriquez,Rio/RioMusic/90s Music/DoYouMissMe.mp3,Rio De Janeiro,1990s
El Trago,2 In A Room,Rio/RioMusic/90s Music/ElTrago.mp3,Rio De Janeiro,1990s
Boom Boom Boom,The Outhere Brothers,Rio/RioMusic/90s Music/BoomBoomBoom.mp3,Rio De Janeiro,1990s
Release Me,Angelina,Rio/RioMusic/00s Music/ReleaseMe.mp3,Rio De Janeiro,2000s
Latinos,Proyecto Uno,Rio/RioMusic/00s Music/Latinos.mp3,Rio De Janeiro,2000s
The Bomb!,The Bucketheads,Rio/RioMusic/00s Music/TheBomb.mp3,Rio De Janeiro,2000s
Mami El Negro,Dj Laz,Rio/RioMusic/00s Music/MamiElNegro.mp3,Rio De Janeiro,2000s
La Novela,Fulanito,Rio/RioMusic/00s Music/LaNovela.mp3,Rio De Janeiro,2000s
Set U Free,Planet Soul,Rio/RioMusic/00s Music/SetUFree.mp3,Rio De Janeiro,2000s
Wiggle It,2 In A Room,Rio/RioMusic/00s Music/WiggleIt.mp3,Rio De Janeiro,2000s
Short Short Man,Gillette,Rio/RioMusic/00s Music/ShortShortMan.mp3,Rio De Janeiro,2000s
No Senor,Johnny Z,Rio/RioMusic/00s Music/NoSenor.mp3,Rio De Janeiro,2000s
Agua,DJ Lynnwood,Rio/RioMusic/00s Music/Agua.mp3,Rio De Janeiro,2000s
I Don’t Need Your Love,Angelina,Rio/RioMusic/10s Music/IDontNeedYourLove.mp3,Rio De Janeiro,2010s
La Mezcla,Michel Cleis,Rio/RioMusic/10s Music/LaMezcla.mp3,Rio De Janeiro,2010s
"Whatz Up, Whatz Up",Playa Poncho,Rio/RioMusic/10s Music/WhatzUpWhatzUp.mp3,Rio De Janeiro,2010s
Headbangers,DJ Trajic,Rio/RioMusic/10s Music/Headbangers.mp3,Rio De Janeiro,2010s
In De Ghetto,David Morales,Rio/RioMusic/10s Music/InDeGhetto.mp3,Rio De Janeiro,2010s
Latin Swing,Johnny Z,Rio/RioMusic/10s Music/LatinSwing.mp3,Rio De Janeiro,2010s
Muevelo,El General,Rio/RioMusic/10s Music/Muevelo.mp3,Rio De Janeiro,2010s
Guallando,Fulanito,Rio/RioMusic/10s Music/Guallando.mp3,Rio De Janeiro,2010s
Cada Vez,Negrocan,Rio/RioMusic/10s Music/CadaVez.mp3,Rio De Janeiro,2010s
Boriqua Posse,Rare Arts,Rio/RioMusic/10s Music/BoriquaPosse.mp3,Rio De Janeiro,2010s
Funky Guitar,Tc 1992,Stockholm/StockholmMusic/80s Music/FunkyGuitar.mp3,Stockholm,1980s
Dirty Cash (Money Talks),The Adventures Of Stevie V,Stockholm/StockholmMusic/80s Music/DirtyCash.mp3,Stockholm,1980s
Is It All over My Face?,Loose Joints,Stockholm/StockholmMusic/80s Music/IsItAllOverMyFace.mp3,Stockholm,1980s
Respect,Adeva,Stockholm/StockholmMusic/80s Music/Respect.mp3,Stockholm,1980s
Talkin’ All That Jazz,Stetsasonic,Stockholm/StockholmMusic/80s Music/TalkinAllThatJazz.mp3,Stockholm,1980s
Deep In Vogue,Malcolm McLaren,Stockholm/StockholmMusic/80s Music/DeepInVogue.mp3,Stockholm,1980s
Love Injection,Trussel,Stockholm/StockholmMusic/80s Music/LoveInjection.mp3,Stockholm,1980s
Pull Up To The Bumper,Grace Jones,Stockholm/StockholmMusic/80s Music/PullUpToTheBumper.mp3,Stockholm,1980s
I Found Love In You,Rhyze,Stockholm/StockholmMusic/80s Music/IFoundLoveInYou.mp3,Stockholm,1980s
Sweet Dreams (Are Made Of This),Eurythmics,Stockholm/StockholmMusic/80s Music/SweetDreams.mp3,Stockholm,1980s
Let the Beat Go On,Dr. Alban,Stockholm/StockholmMusic/90s Music/LetTheBeatGoOn.mp3,Stockholm,1990s
Clubhopping,Rob n Raz,Stockholm/StockholmMusic/90s Music/Clubhopping.mp3,Stockholm,1990s
Mutoid Waste,Magoria,Stockholm/StockholmMusic/90s Music/MutoidWaste.mp3,Stockholm,1990s
100% Pure Love,Crystal Waters,Stockholm/StockholmMusic/90s Music/100PercentPureLove.mp3,Stockholm,1990s
Would I Lie to You,Adie,Stockholm/StockholmMusic/90s Music/WouldILieToYou.mp3,Stockholm,1990s
Magic O,Terrace,Stockholm/StockholmMusic/90s Music/MagicO.mp3,Stockholm,1990s
AmokK,666,Stockholm/StockholmMusic/90s Music/AmokK.mp3,Stockholm,1990s
Straight Up,Colonel Abrams,Stockholm/StockholmMusic/90s Music/StraightUp.mp3,Stockholm,1990s
Be My Lover,La Bouche,Stockholm/StockholmMusic/90s Music/BeMyLover.mp3,Stockholm,1990s
Melodic Dreams,Arj Snoek,Stockholm/StockholmMusic/90s Music/MelodicDreams.mp3,Stockholm,1990s
Tell Me Why,Supermode,Stockholm/StockholmMusic/00s Music/TellMeWhy.mp3,Stockholm,2000s
Hello,Martin Solveig,Stockholm/StockholmMusic/00s Music/Hello.mp3,Stockholm,2000s
Call On Me,Eric Prydz,Stockholm/StockholmMusic/00s Music/CallOnMe.mp3,Stockholm,2000s
You Don’t Know Me,Jax Jones,Stockholm/StockholmMusic/00s Music/YouDontKnowMe.mp3,Stockholm,2000s
Little Bit,Lykke Li,Stockholm/StockholmMusic/00s Music/LittleBit.mp3,Stockholm,2000s
Feel It In My Bones,Tiësto,Stockholm/StockholmMusic/00s Music/FeelItInMyBones.mp3,Stockholm,2000s
Enjoy It Now,Tortured Soul,Stockholm/StockholmMusic/00s Music/EnjoyItNow.mp3,Stockholm,2000s
Desire,Morris,Stockholm/StockholmMusic/00s Music/Desire.mp3,Stockholm,2000s
Pjanoo,Eric Prydz,Stockholm/StockholmMusic/00s Music/Pjanoo.mp3,Stockholm,2000s
Baby When the Light,David Guetta,Stockholm/StockholmMusic/00s Music/BabyWhenTheLight.mp3,Stockholm,2000s
Lovin’ Feeling,French 79,Stockholm/StockholmMusic/10s Music/LovinFeeling.mp3,Stockholm,2010s
Glue,BICEP,Stockholm/StockholmMusic/10s Music/Glue.mp3,Stockholm,2010s
How Deep Is Your Love,Calvin Harris,Stockholm/StockholmMusic/10s Music/HowDeepIsYourLove.mp3,Stockholm,2010s
HEAT,Tove Lo,Stockholm/StockholmMusic/10s Music/HEAT.mp3,Stockholm,2010s
Finally,Swedish House Mafia,Stockholm/StockholmMusic/10s Music/Finally.mp3,Stockholm,2010s
Addicted To You,Avicii,Stockholm/StockholmMusic/10s Music/AddictedToYou.mp3,Stockholm,2010s
Don’t You Worry Child,Swedish House Mafia,Stockholm/StockholmMusic/10s Music/DontYouWorryChild.mp3,Stockholm,2010s
Check Out,J. Worra,Stockholm/StockholmMusic/10s Music/CheckOut.mp3,Stockholm,2010s
Beautiful People,Chris Brown,Stockholm/StockholmMusic/10s Music/BeautifulPeople.mp3,Stockholm,2010s
Heroes (We Could Be),Alesso,Stockholm/StockholmMusic/10s Music/Heroes.mp3,Stockholm,2010s
El Viejo Del Sombrerón,La Sonora Dinamita,Bogota/BogotaMusic/1980s/ElViejoDelSombreron.mp3,Bogota,1980s
Mentirosa,Rafaga,Bogota/BogotaMusic/1980s/Mentirosa.mp3,Bogota,1980s
Ojitos Mentirosos,Tropicalisimo Apache,Bogota/BogotaMusic/1980s/OjitosMentirosos.mp3,Bogota,1980s
Sergio el Bailador,Bronco,Bogota/BogotaMusic/1980s/SergioElBailador.mp3,Bogota,1980s
Lejanía,Lisandro Meza,Bogota/BogotaMusic/1980s/Lejania.mp3,Bogota,1980s
No Me Arrepiento de Este Amor,Gilda,Bogota/BogotaMusic/1980s/NoMeArrepientoDeEsteAmor.mp3,Bogota,1980s
Qué Bello,Sonora Tropicana,Bogota/BogotaMusic/1980s/QueBello.mp3,Bogota,1980s
Yo Tomo Licor,Amar Azul,Bogota/BogotaMusic/1980s/YoTomoLicor.mp3,Bogota,1980s
Nunca Me Faltes,Antonio Rios,Bogota/BogotaMusic/1980s/NuncaMeFaltes.mp3,Bogota,1980s
El Soy Yo,Samuray,Bogota/BogotaMusic/1980s/ElSoyYo.mp3,Bogota,1980s
Llorar,Los Socios Del Ritmo,Bogota/BogotaMusic/1990s/Llorar.mp3,Bogota,1990s
Tiene Espinas El Rosal,Grupo Canaveral De Humberto Pabon,Bogota/BogotaMusic/1990s/TieneEspinasElRosal.mp3,Bogota,1990s
El Liston De Tu Pelo,Los Angeles Azules,Bogota/BogotaMusic/1990s/ElListonDeTuPelo.mp3,Bogota,1990s
Piensa En Mi,Grupo Mojado,Bogota/BogotaMusic/1990s/PiensaEnMi.mp3,Bogota,1990s
Baila Esta Cumbia,Selena,Bogota/BogotaMusic/1990s/BailaEstaCumbia.mp3,Bogota,1990s
Tao Tao,Control,Bogota/BogotaMusic/1990s/TaoTao.mp3,Bogota,1990s
El Diario De Un Borracho,Aniceto Molina,Bogota/BogotaMusic/1990s/ElDiarioDeUnBorracho.mp3,Bogota,1990s
Muchachita Consentida,Rayito Colombiano,Bogota/BogotaMusic/1990s/MuchachitaConsentida.mp3,Bogota,1990s
Juana La Cubana,Fito Olivares,Bogota/BogotaMusic/1990s/JuanaLaCubana.mp3,Bogota,1990s
Los Caminos De La Vida,La Tropa Vallenata,Bogota/BogotaMusic/1990s/LosCaminosDeLaVida.mp3,Bogota,1990s
Como Te Voy A Olvidar,Los Angeles Azules,Bogota/BogotaMusic/2000s/ComoTeVoyAOlvidar.mp3,Bogota,2000s
Todo Me Gusta De Ti,Aaron,Bogota/BogotaMusic/2000s/TodoMeGustaDeTi.mp3,Bogota,2000s
Un Sueno,Los Angeles De Charly,Bogota/BogotaMusic/2000s/UnSueno.mp3,Bogota,2000s
Cumbia De La Cobra,Fito Olivares,Bogota/BogotaMusic/2000s/CumbiaDeLaCobra.mp3,Bogota,2000s
Rumba Cha-Cha-Cha,Grupo Kual?,Bogota/BogotaMusic/2000s/RumbaChaChaCha.mp3,Bogota,2000s
El Botecito,Los Hijos Del Pueblo,Bogota/BogotaMusic/2000s/ElBotecito.mp3,Bogota,2000s
Amor Regresa,Los Askis,Bogota/BogotaMusic/2000s/AmorRegresa.mp3,Bogota,2000s
Guaracha Sabrosona,Alberto Pedraza +,Bogota/BogotaMusic/2000s/GuarachaSabrosona.mp3,Bogota,2000s
Yo Soy Tu Maestro,Los Telez,Bogota/BogotaMusic/2000s/YoSoyTuMaestro.mp3,Bogota,2000s
Felicidad,Los Socios Del Ritmo,Bogota/BogotaMusic/2000s/Felicidad.mp3,Bogota,2000s
Nunca Es Suficiente,Los Angeles Azules,Bogota/BogotaMusic/2010s/NuncaEsSuficiente.mp3,Bogota,2010s
Oye Mujer,Raymix,Bogota/BogotaMusic/2010s/OyeMujer.mp3,Bogota,2010s
Cumbia Sampuesana,La Luz Roja De San Marcos,Bogota/BogotaMusic/2010s/CumbiaSampuesana.mp3,Bogota,2010s
Tus Jefes No Me Quieren,Grupo Ensamble,Bogota/BogotaMusic/2010s/TusJefesNoMeQuieren.mp3,Bogota,2010s
Que Te Vaya Bien,Grupo Jalado,Bogota/BogotaMusic/2010s/QueTeVayaBien.mp3,Bogota,2010s
Que Bello,La Sonora Dinamita,Bogota/BogotaMusic/2010s/QueBello.mp3,Bogota,2010s
Donde Estaras,ICC,Bogota/BogotaMusic/2010s/DondeEstaras.mp3,Bogota,2010s
No Me Llames Mas,Alcalde La Sonora,Bogota/BogotaMusic/2010s/NoMeLlamesMas.mp3,Bogota,2010s
El Colesterol,Fito Olivares,Bogota/BogotaMusic/2010s/ElColesterol.mp3,Bogota,2010s
Amor A Primera Vista,Los Angeles Azules,Bogota/BogotaMusic/2010s/AmorAPrimeraVista.mp3,Bogota,2010s
Ain’t Nobody Better,Inner City,London/LondonMusic/1980s/AintNobodyBetter.mp3,London,1980s
Back To Life,Soul II Soul,London/LondonMusic/1980s/BackToLife.mp3,London,1980s
Just Keep Rockin,Double Trouble,London/LondonMusic/1980s/JustKeepRockin.mp3,London,1980s
My Love Is Magic,Bäs Noir,London/LondonMusic/1980s/MyLoveIsMagic.mp3,London,1980s
Devotion,Ten City,London/LondonMusic/1980s/Devotion.mp3,London,1980s
Yeah Buddy,Royal House,London/LondonMusic/1980s/YeahBuddy.mp3,London,1980s
Get Busy,Mr. Lee,London/LondonMusic/1980s/GetBusy.mp3,London,1980s
I’ll House You,Jungle Brothers,London/LondonMusic/1980s/IllHouseYou.mp3,London,1980s
I’m Glad You Came To Me,Bäs Noir,London/LondonMusic/1980s/ImGladYouCameToMe.mp3,London,1980s
Love House,Samantha Fox,London/LondonMusic/1980s/LoveHouse.mp3,London,1980s
Friendly Pressure,Jhelisa,London/LondonMusic/1990s/FriendlyPressure.mp3,London,1990s
Bounce to the Beat,Todd Terry,London/LondonMusic/1990s/BounceToTheBeat.mp3,London,1990s
House of Love,Smooth Touch,London/LondonMusic/1990s/HouseOfLove.mp3,London,1990s
Throw Ya Hands Up,Ground 96,London/LondonMusic/1990s/ThrowYaHandsUp.mp3,London,1990s
RIP Groove,Double 99,London/LondonMusic/1990s/RIPGroove.mp3,London,1990s
Dancing For Heaven,Todd Edwards,London/LondonMusic/1990s/DancingForHeaven.mp3,London,1990s
Get Down - We Can Get Down,Groove Chronicles,London/LondonMusic/1990s/GetDownWeCanGetDown.mp3,London,1990s
Movin Too Fast,Romina Johnson,London/LondonMusic/1990s/MovinTooFast.mp3,London,1990s
Burning,MK,London/LondonMusic/1990s/Burning.mp3,London,1990s
A Little Bit Of Luck,DJ Luck & MC Neat,London/LondonMusic/1990s/ALittleBitOfLuck.mp3,London,1990s
Love Eviction,Quartzlock,London/LondonMusic/2000s/LoveEviction.mp3,London,2000s
Attention!,Commander Tom,London/LondonMusic/2000s/Attention.mp3,London,2000s
Sensitivity,The Shapeshifters,London/LondonMusic/2000s/Sensitivity.mp3,London,2000s
Pump It Up,Danzel,London/LondonMusic/2000s/PumpItUp.mp3,London,2000s
You’re The Reason,Wamdue Project,London/LondonMusic/2000s/YoureTheReason.mp3,London,2000s
Get Down,Jungle Brothers,London/LondonMusic/2000s/GetDown.mp3,London,2000s
Shut The Door,Todd Edwards,London/LondonMusic/2000s/ShutTheDoor.mp3,London,2000s
Bonkers,Dizzee Rascal,London/LondonMusic/2000s/Bonkers.mp3,London,2000s
Just Dance - Richard Vission Remix,Lady Gaga,London/LondonMusic/2000s/JustDanceRichardVissionRemix.mp3,London,2000s
Why Can’t You Free Some Time,Armand Van Helden,London/LondonMusic/2000s/WhyCantYouFreeSomeTime.mp3,London,2000s
White Noise,Disclosure,London/LondonMusic/2010s/WhiteNoise.mp3,London,2010s
Feel My Needs,WEISS,London/LondonMusic/2010s/FeelMyNeeds.mp3,London,2010s
My Love,Route 94,London/LondonMusic/2010s/MyLove.mp3,London,2010s
Fake ID,Riton,London/LondonMusic/2010s/FakeID.mp3,London,2010s
Say Something - Zac Samuel Remix,Karen Harding,London/LondonMusic/2010s/SaySomethingZacSamuelRemix.mp3,London,2010s
Young World,A.D.O.R,London/LondonMusic/2010s/YoungWorld.mp3,London,2010s
When A Fire Starts To Burn,Disclosure,London/LondonMusic/2010s/WhenAFireStartsToBurn.mp3,London,2010s
How Deep Is Your Love,Calvin Harris,London/LondonMusic/2010s/HowDeepIsYourLove.mp3,London,2010s
Upside Down,Eats Everything,London/LondonMusic/2010s/UpsideDown.mp3,London,2010s
Too Much For Me,SELKER,London/LondonMusic/2010s/TooMuchForMe.mp3,London,2010s
